Account Number,Bank Name,Customer_ID
0,Wells Fargo,customer_0@gmail.com
1,BBVA,customer_1@gmail.com
2,US Bank,customer_2@gmail.com
3,BBVA,customer_3@gmail.com
4,BBVA,customer_4@gmail.com
5,Wells Fargo,customer_5@gmail.com
6,US Bank,customer_6@gmail.com
7,BBVA,customer_7@gmail.com
8,Bank of America,customer_8@gmail.com
9,BBVA,customer_9@gmail.com
10,Chase Bank,customer_10@gmail.com
11,Wells Fargo,customer_11@gmail.com
12,BBVA,customer_12@gmail.com
13,BBVA,customer_13@gmail.com
14,BBVA,customer_14@gmail.com
15,BBVA,customer_15@gmail.com
16,Bank of America,customer_16@gmail.com
17,Chase Bank,customer_17@gmail.com
18,Wells Fargo,customer_18@gmail.com
19,Chase Bank,customer_19@gmail.com
20,Wells Fargo,customer_20@gmail.com
21,US Bank,customer_21@gmail.com
22,Bank of America,customer_22@gmail.com
23,Bank of America,customer_23@gmail.com
24,US Bank,customer_24@gmail.com
25,Chase Bank,customer_25@gmail.com
26,US Bank,customer_26@gmail.com
27,Chase Bank,customer_27@gmail.com
28,Wells Fargo,customer_28@gmail.com
29,BBVA,customer_29@gmail.com
30,BBVA,customer_30@gmail.com
31,Wells Fargo,customer_31@gmail.com
32,Bank of America,customer_32@gmail.com
33,Chase Bank,customer_33@gmail.com
34,BBVA,customer_34@gmail.com
35,US Bank,customer_35@gmail.com
36,US Bank,customer_36@gmail.com
37,BBVA,customer_37@gmail.com
38,US Bank,customer_38@gmail.com
39,BBVA,customer_39@gmail.com
40,BBVA,customer_40@gmail.com
41,Chase Bank,customer_41@gmail.com
42,Chase Bank,customer_42@gmail.com
43,US Bank,customer_43@gmail.com
44,Chase Bank,customer_44@gmail.com
45,US Bank,customer_45@gmail.com
46,Wells Fargo,customer_46@gmail.com
47,Bank of America,customer_47@gmail.com
48,BBVA,customer_48@gmail.com
49,Bank of America,customer_49@gmail.com
50,Wells Fargo,customer_50@gmail.com
51,Chase Bank,customer_51@gmail.com
52,Wells Fargo,customer_52@gmail.com
53,Wells Fargo,customer_53@gmail.com
54,Wells Fargo,customer_54@gmail.com
55,Chase Bank,customer_55@gmail.com
56,US Bank,customer_56@gmail.com
57,Chase Bank,customer_57@gmail.com
58,Chase Bank,customer_58@gmail.com
59,Chase Bank,customer_59@gmail.com
60,US Bank,customer_60@gmail.com
61,US Bank,customer_61@gmail.com
62,Chase Bank,customer_62@gmail.com
63,US Bank,customer_63@gmail.com
64,Wells Fargo,customer_64@gmail.com
65,Bank of America,customer_65@gmail.com
66,BBVA,customer_66@gmail.com
67,Bank of America,customer_67@gmail.com
68,BBVA,customer_68@gmail.com
69,US Bank,customer_69@gmail.com
70,Wells Fargo,customer_70@gmail.com
71,Wells Fargo,customer_71@gmail.com
72,Chase Bank,customer_72@gmail.com
73,Chase Bank,customer_73@gmail.com
74,Chase Bank,customer_74@gmail.com
75,BBVA,customer_75@gmail.com
76,Chase Bank,customer_76@gmail.com
77,Bank of America,customer_77@gmail.com
78,BBVA,customer_78@gmail.com
79,US Bank,customer_79@gmail.com
80,Chase Bank,customer_80@gmail.com
81,Chase Bank,customer_81@gmail.com
82,Wells Fargo,customer_82@gmail.com
83,BBVA,customer_83@gmail.com
84,Chase Bank,customer_84@gmail.com
85,Bank of America,customer_85@gmail.com
86,Bank of America,customer_86@gmail.com
87,Bank of America,customer_87@gmail.com
88,US Bank,customer_88@gmail.com
89,US Bank,customer_89@gmail.com
90,Bank of America,customer_90@gmail.com
91,BBVA,customer_91@gmail.com
92,Chase Bank,customer_92@gmail.com
93,US Bank,customer_93@gmail.com
94,Wells Fargo,customer_94@gmail.com
95,BBVA,customer_95@gmail.com
96,Bank of America,customer_96@gmail.com
97,Wells Fargo,customer_97@gmail.com
98,Wells Fargo,customer_98@gmail.com
99,US Bank,customer_99@gmail.com
100,BBVA,customer_100@gmail.com
101,BBVA,customer_101@gmail.com
102,US Bank,customer_102@gmail.com
103,BBVA,customer_103@gmail.com
104,Chase Bank,customer_104@gmail.com
105,Bank of America,customer_105@gmail.com
106,Chase Bank,customer_106@gmail.com
107,Bank of America,customer_107@gmail.com
108,Wells Fargo,customer_108@gmail.com
109,BBVA,customer_109@gmail.com
110,US Bank,customer_110@gmail.com
111,Chase Bank,customer_111@gmail.com
112,Wells Fargo,customer_112@gmail.com
113,Bank of America,customer_113@gmail.com
114,Wells Fargo,customer_114@gmail.com
115,Chase Bank,customer_115@gmail.com
116,Bank of America,customer_116@gmail.com
117,BBVA,customer_117@gmail.com
118,Wells Fargo,customer_118@gmail.com
119,US Bank,customer_119@gmail.com
120,BBVA,customer_120@gmail.com
121,US Bank,customer_121@gmail.com
122,Chase Bank,customer_122@gmail.com
123,Chase Bank,customer_123@gmail.com
124,BBVA,customer_124@gmail.com
125,US Bank,customer_125@gmail.com
126,Bank of America,customer_126@gmail.com
127,BBVA,customer_127@gmail.com
128,Wells Fargo,customer_128@gmail.com
129,Bank of America,customer_129@gmail.com
130,Bank of America,customer_130@gmail.com
131,BBVA,customer_131@gmail.com
132,Wells Fargo,customer_132@gmail.com
133,Bank of America,customer_133@gmail.com
134,US Bank,customer_134@gmail.com
135,Wells Fargo,customer_135@gmail.com
136,US Bank,customer_136@gmail.com
137,Bank of America,customer_137@gmail.com
138,Chase Bank,customer_138@gmail.com
139,Chase Bank,customer_139@gmail.com
140,Chase Bank,customer_140@gmail.com
141,BBVA,customer_141@gmail.com
142,Chase Bank,customer_142@gmail.com
143,Chase Bank,customer_143@gmail.com
144,Bank of America,customer_144@gmail.com
145,Bank of America,customer_145@gmail.com
146,Bank of America,customer_146@gmail.com
147,US Bank,customer_147@gmail.com
148,Wells Fargo,customer_148@gmail.com
149,Bank of America,customer_149@gmail.com
150,Bank of America,customer_150@gmail.com
151,Bank of America,customer_151@gmail.com
152,US Bank,customer_152@gmail.com
153,BBVA,customer_153@gmail.com
154,BBVA,customer_154@gmail.com
155,US Bank,customer_155@gmail.com
156,Wells Fargo,customer_156@gmail.com
157,BBVA,customer_157@gmail.com
158,Wells Fargo,customer_158@gmail.com
159,US Bank,customer_159@gmail.com
160,US Bank,customer_160@gmail.com
161,US Bank,customer_161@gmail.com
162,US Bank,customer_162@gmail.com
163,Wells Fargo,customer_163@gmail.com
164,BBVA,customer_164@gmail.com
165,Bank of America,customer_165@gmail.com
166,Wells Fargo,customer_166@gmail.com
167,Wells Fargo,customer_167@gmail.com
168,BBVA,customer_168@gmail.com
169,Chase Bank,customer_169@gmail.com
170,BBVA,customer_170@gmail.com
171,Wells Fargo,customer_171@gmail.com
172,BBVA,customer_172@gmail.com
173,Wells Fargo,customer_173@gmail.com
174,BBVA,customer_174@gmail.com
175,BBVA,customer_175@gmail.com
176,Wells Fargo,customer_176@gmail.com
177,BBVA,customer_177@gmail.com
178,US Bank,customer_178@gmail.com
179,Chase Bank,customer_179@gmail.com
180,Chase Bank,customer_180@gmail.com
181,Chase Bank,customer_181@gmail.com
182,BBVA,customer_182@gmail.com
183,Wells Fargo,customer_183@gmail.com
184,Bank of America,customer_184@gmail.com
185,BBVA,customer_185@gmail.com
186,Chase Bank,customer_186@gmail.com
187,Wells Fargo,customer_187@gmail.com
188,US Bank,customer_188@gmail.com
189,US Bank,customer_189@gmail.com
190,Wells Fargo,customer_190@gmail.com
191,Bank of America,customer_191@gmail.com
192,US Bank,customer_192@gmail.com
193,US Bank,customer_193@gmail.com
194,BBVA,customer_194@gmail.com
195,BBVA,customer_195@gmail.com
196,US Bank,customer_196@gmail.com
197,US Bank,customer_197@gmail.com
198,Wells Fargo,customer_198@gmail.com
199,Wells Fargo,customer_199@gmail.com
200,BBVA,customer_200@gmail.com
201,Wells Fargo,customer_201@gmail.com
202,Chase Bank,customer_202@gmail.com
203,Chase Bank,customer_203@gmail.com
204,Bank of America,customer_204@gmail.com
205,Bank of America,customer_205@gmail.com
206,Chase Bank,customer_206@gmail.com
207,Bank of America,customer_207@gmail.com
208,Chase Bank,customer_208@gmail.com
209,Bank of America,customer_209@gmail.com
210,US Bank,customer_210@gmail.com
211,Bank of America,customer_211@gmail.com
212,BBVA,customer_212@gmail.com
213,Bank of America,customer_213@gmail.com
214,Bank of America,customer_214@gmail.com
215,US Bank,customer_215@gmail.com
216,Bank of America,customer_216@gmail.com
217,Bank of America,customer_217@gmail.com
218,Wells Fargo,customer_218@gmail.com
219,US Bank,customer_219@gmail.com
220,BBVA,customer_220@gmail.com
221,Bank of America,customer_221@gmail.com
222,Wells Fargo,customer_222@gmail.com
223,Bank of America,customer_223@gmail.com
224,US Bank,customer_224@gmail.com
225,Bank of America,customer_225@gmail.com
226,US Bank,customer_226@gmail.com
227,Chase Bank,customer_227@gmail.com
228,US Bank,customer_228@gmail.com
229,Bank of America,customer_229@gmail.com
230,BBVA,customer_230@gmail.com
231,Wells Fargo,customer_231@gmail.com
232,Chase Bank,customer_232@gmail.com
233,US Bank,customer_233@gmail.com
234,Chase Bank,customer_234@gmail.com
235,BBVA,customer_235@gmail.com
236,Chase Bank,customer_236@gmail.com
237,Bank of America,customer_237@gmail.com
238,US Bank,customer_238@gmail.com
239,US Bank,customer_239@gmail.com
240,Bank of America,customer_240@gmail.com
241,Chase Bank,customer_241@gmail.com
242,Wells Fargo,customer_242@gmail.com
243,Bank of America,customer_243@gmail.com
244,Wells Fargo,customer_244@gmail.com
245,US Bank,customer_245@gmail.com
246,Bank of America,customer_246@gmail.com
247,Chase Bank,customer_247@gmail.com
248,Bank of America,customer_248@gmail.com
249,Chase Bank,customer_249@gmail.com
250,Bank of America,customer_250@gmail.com
251,US Bank,customer_251@gmail.com
252,Chase Bank,customer_252@gmail.com
253,Wells Fargo,customer_253@gmail.com
254,US Bank,customer_254@gmail.com
255,BBVA,customer_255@gmail.com
256,Chase Bank,customer_256@gmail.com
257,Wells Fargo,customer_257@gmail.com
258,Wells Fargo,customer_258@gmail.com
259,Bank of America,customer_259@gmail.com
260,Chase Bank,customer_260@gmail.com
261,Bank of America,customer_261@gmail.com
262,Wells Fargo,customer_262@gmail.com
263,Wells Fargo,customer_263@gmail.com
264,Bank of America,customer_264@gmail.com
265,Bank of America,customer_265@gmail.com
266,Bank of America,customer_266@gmail.com
267,US Bank,customer_267@gmail.com
268,Bank of America,customer_268@gmail.com
269,Wells Fargo,customer_269@gmail.com
270,BBVA,customer_270@gmail.com
271,US Bank,customer_271@gmail.com
272,US Bank,customer_272@gmail.com
273,BBVA,customer_273@gmail.com
274,BBVA,customer_274@gmail.com
275,Wells Fargo,customer_275@gmail.com
276,Wells Fargo,customer_276@gmail.com
277,US Bank,customer_277@gmail.com
278,Chase Bank,customer_278@gmail.com
279,Bank of America,customer_279@gmail.com
280,Bank of America,customer_280@gmail.com
281,BBVA,customer_281@gmail.com
282,US Bank,customer_282@gmail.com
283,BBVA,customer_283@gmail.com
284,Wells Fargo,customer_284@gmail.com
285,US Bank,customer_285@gmail.com
286,Wells Fargo,customer_286@gmail.com
287,US Bank,customer_287@gmail.com
288,Wells Fargo,customer_288@gmail.com
289,Bank of America,customer_289@gmail.com
290,US Bank,customer_290@gmail.com
291,Bank of America,customer_291@gmail.com
292,BBVA,customer_292@gmail.com
293,Chase Bank,customer_293@gmail.com
294,BBVA,customer_294@gmail.com
295,Bank of America,customer_295@gmail.com
296,Chase Bank,customer_296@gmail.com
297,BBVA,customer_297@gmail.com
298,Chase Bank,customer_298@gmail.com
299,Bank of America,customer_299@gmail.com
300,BBVA,customer_300@gmail.com
301,Wells Fargo,customer_301@gmail.com
302,Wells Fargo,customer_302@gmail.com
303,Bank of America,customer_303@gmail.com
304,Wells Fargo,customer_304@gmail.com
305,Bank of America,customer_305@gmail.com
306,BBVA,customer_306@gmail.com
307,US Bank,customer_307@gmail.com
308,BBVA,customer_308@gmail.com
309,Chase Bank,customer_309@gmail.com
310,Bank of America,customer_310@gmail.com
311,US Bank,customer_311@gmail.com
312,Chase Bank,customer_312@gmail.com
313,Chase Bank,customer_313@gmail.com
314,Wells Fargo,customer_314@gmail.com
315,BBVA,customer_315@gmail.com
316,Wells Fargo,customer_316@gmail.com
317,Chase Bank,customer_317@gmail.com
318,US Bank,customer_318@gmail.com
319,BBVA,customer_319@gmail.com
320,US Bank,customer_320@gmail.com
321,Bank of America,customer_321@gmail.com
322,Bank of America,customer_322@gmail.com
323,BBVA,customer_323@gmail.com
324,Wells Fargo,customer_324@gmail.com
325,Chase Bank,customer_325@gmail.com
326,US Bank,customer_326@gmail.com
327,US Bank,customer_327@gmail.com
328,Wells Fargo,customer_328@gmail.com
329,Wells Fargo,customer_329@gmail.com
330,Wells Fargo,customer_330@gmail.com
331,Bank of America,customer_331@gmail.com
332,Chase Bank,customer_332@gmail.com
333,BBVA,customer_333@gmail.com
334,BBVA,customer_334@gmail.com
335,Wells Fargo,customer_335@gmail.com
336,BBVA,customer_336@gmail.com
337,US Bank,customer_337@gmail.com
338,BBVA,customer_338@gmail.com
339,Wells Fargo,customer_339@gmail.com
340,Wells Fargo,customer_340@gmail.com
341,Chase Bank,customer_341@gmail.com
342,US Bank,customer_342@gmail.com
343,US Bank,customer_343@gmail.com
344,Bank of America,customer_344@gmail.com
345,Wells Fargo,customer_345@gmail.com
346,Chase Bank,customer_346@gmail.com
347,Wells Fargo,customer_347@gmail.com
348,US Bank,customer_348@gmail.com
349,Chase Bank,customer_349@gmail.com
350,Bank of America,customer_350@gmail.com
351,US Bank,customer_351@gmail.com
352,Chase Bank,customer_352@gmail.com
353,Bank of America,customer_353@gmail.com
354,Bank of America,customer_354@gmail.com
355,Wells Fargo,customer_355@gmail.com
356,Wells Fargo,customer_356@gmail.com
357,Wells Fargo,customer_357@gmail.com
358,US Bank,customer_358@gmail.com
359,US Bank,customer_359@gmail.com
360,Wells Fargo,customer_360@gmail.com
361,Bank of America,customer_361@gmail.com
362,US Bank,customer_362@gmail.com
363,Chase Bank,customer_363@gmail.com
364,Wells Fargo,customer_364@gmail.com
365,US Bank,customer_365@gmail.com
366,Wells Fargo,customer_366@gmail.com
367,Bank of America,customer_367@gmail.com
368,BBVA,customer_368@gmail.com
369,BBVA,customer_369@gmail.com
370,BBVA,customer_370@gmail.com
371,US Bank,customer_371@gmail.com
372,Wells Fargo,customer_372@gmail.com
373,Chase Bank,customer_373@gmail.com
374,BBVA,customer_374@gmail.com
375,US Bank,customer_375@gmail.com
376,Wells Fargo,customer_376@gmail.com
377,BBVA,customer_377@gmail.com
378,Wells Fargo,customer_378@gmail.com
379,Bank of America,customer_379@gmail.com
380,BBVA,customer_380@gmail.com
381,Wells Fargo,customer_381@gmail.com
382,US Bank,customer_382@gmail.com
383,US Bank,customer_383@gmail.com
384,US Bank,customer_384@gmail.com
385,Chase Bank,customer_385@gmail.com
386,Wells Fargo,customer_386@gmail.com
387,Chase Bank,customer_387@gmail.com
388,Chase Bank,customer_388@gmail.com
389,US Bank,customer_389@gmail.com
390,BBVA,customer_390@gmail.com
391,Chase Bank,customer_391@gmail.com
392,Chase Bank,customer_392@gmail.com
393,Wells Fargo,customer_393@gmail.com
394,BBVA,customer_394@gmail.com
395,US Bank,customer_395@gmail.com
396,Wells Fargo,customer_396@gmail.com
397,Chase Bank,customer_397@gmail.com
398,Wells Fargo,customer_398@gmail.com
399,US Bank,customer_399@gmail.com
400,BBVA,customer_400@gmail.com
401,US Bank,customer_401@gmail.com
402,BBVA,customer_402@gmail.com
403,US Bank,customer_403@gmail.com
404,Wells Fargo,customer_404@gmail.com
405,Bank of America,customer_405@gmail.com
406,Bank of America,customer_406@gmail.com
407,Chase Bank,customer_407@gmail.com
408,Bank of America,customer_408@gmail.com
409,Chase Bank,customer_409@gmail.com
410,US Bank,customer_410@gmail.com
411,Chase Bank,customer_411@gmail.com
412,BBVA,customer_412@gmail.com
413,Bank of America,customer_413@gmail.com
414,Wells Fargo,customer_414@gmail.com
415,Wells Fargo,customer_415@gmail.com
416,Chase Bank,customer_416@gmail.com
417,BBVA,customer_417@gmail.com
418,Chase Bank,customer_418@gmail.com
419,Chase Bank,customer_419@gmail.com
420,US Bank,customer_420@gmail.com
421,Wells Fargo,customer_421@gmail.com
422,Bank of America,customer_422@gmail.com
423,Bank of America,customer_423@gmail.com
424,Bank of America,customer_424@gmail.com
425,Wells Fargo,customer_425@gmail.com
426,Bank of America,customer_426@gmail.com
427,Chase Bank,customer_427@gmail.com
428,Chase Bank,customer_428@gmail.com
429,US Bank,customer_429@gmail.com
430,BBVA,customer_430@gmail.com
431,BBVA,customer_431@gmail.com
432,US Bank,customer_432@gmail.com
433,US Bank,customer_433@gmail.com
434,Bank of America,customer_434@gmail.com
435,Bank of America,customer_435@gmail.com
436,BBVA,customer_436@gmail.com
437,BBVA,customer_437@gmail.com
438,Chase Bank,customer_438@gmail.com
439,Wells Fargo,customer_439@gmail.com
440,BBVA,customer_440@gmail.com
441,Chase Bank,customer_441@gmail.com
442,Chase Bank,customer_442@gmail.com
443,US Bank,customer_443@gmail.com
444,BBVA,customer_444@gmail.com
445,BBVA,customer_445@gmail.com
446,BBVA,customer_446@gmail.com
447,BBVA,customer_447@gmail.com
448,Bank of America,customer_448@gmail.com
449,Chase Bank,customer_449@gmail.com
450,Chase Bank,customer_450@gmail.com
451,Bank of America,customer_451@gmail.com
452,Bank of America,customer_452@gmail.com
453,US Bank,customer_453@gmail.com
454,BBVA,customer_454@gmail.com
455,US Bank,customer_455@gmail.com
456,BBVA,customer_456@gmail.com
457,BBVA,customer_457@gmail.com
458,Wells Fargo,customer_458@gmail.com
459,Bank of America,customer_459@gmail.com
460,Bank of America,customer_460@gmail.com
461,US Bank,customer_461@gmail.com
462,BBVA,customer_462@gmail.com
463,Chase Bank,customer_463@gmail.com
464,Wells Fargo,customer_464@gmail.com
465,BBVA,customer_465@gmail.com
466,Chase Bank,customer_466@gmail.com
467,Wells Fargo,customer_467@gmail.com
468,Chase Bank,customer_468@gmail.com
469,US Bank,customer_469@gmail.com
470,Chase Bank,customer_470@gmail.com
471,US Bank,customer_471@gmail.com
472,Bank of America,customer_472@gmail.com
473,Chase Bank,customer_473@gmail.com
474,BBVA,customer_474@gmail.com
475,Chase Bank,customer_475@gmail.com
476,Bank of America,customer_476@gmail.com
477,US Bank,customer_477@gmail.com
478,US Bank,customer_478@gmail.com
479,Wells Fargo,customer_479@gmail.com
480,US Bank,customer_480@gmail.com
481,US Bank,customer_481@gmail.com
482,BBVA,customer_482@gmail.com
483,Chase Bank,customer_483@gmail.com
484,BBVA,customer_484@gmail.com
485,Bank of America,customer_485@gmail.com
486,Wells Fargo,customer_486@gmail.com
487,BBVA,customer_487@gmail.com
488,Chase Bank,customer_488@gmail.com
489,Bank of America,customer_489@gmail.com
490,Chase Bank,customer_490@gmail.com
491,Bank of America,customer_491@gmail.com
492,US Bank,customer_492@gmail.com
493,Chase Bank,customer_493@gmail.com
494,BBVA,customer_494@gmail.com
495,BBVA,customer_495@gmail.com
496,US Bank,customer_496@gmail.com
497,Wells Fargo,customer_497@gmail.com
498,BBVA,customer_498@gmail.com
499,US Bank,customer_499@gmail.com
500,BBVA,customer_500@gmail.com
501,BBVA,customer_501@gmail.com
502,Wells Fargo,customer_502@gmail.com
503,BBVA,customer_503@gmail.com
504,US Bank,customer_504@gmail.com
505,Bank of America,customer_505@gmail.com
506,Bank of America,customer_506@gmail.com
507,BBVA,customer_507@gmail.com
508,Chase Bank,customer_508@gmail.com
509,Bank of America,customer_509@gmail.com
510,Chase Bank,customer_510@gmail.com
511,US Bank,customer_511@gmail.com
512,Chase Bank,customer_512@gmail.com
513,Bank of America,customer_513@gmail.com
514,Bank of America,customer_514@gmail.com
515,US Bank,customer_515@gmail.com
516,US Bank,customer_516@gmail.com
517,Wells Fargo,customer_517@gmail.com
518,BBVA,customer_518@gmail.com
519,US Bank,customer_519@gmail.com
520,US Bank,customer_520@gmail.com
521,Wells Fargo,customer_521@gmail.com
522,BBVA,customer_522@gmail.com
523,Chase Bank,customer_523@gmail.com
524,Bank of America,customer_524@gmail.com
525,Bank of America,customer_525@gmail.com
526,BBVA,customer_526@gmail.com
527,US Bank,customer_527@gmail.com
528,US Bank,customer_528@gmail.com
529,BBVA,customer_529@gmail.com
530,Chase Bank,customer_530@gmail.com
531,BBVA,customer_531@gmail.com
532,Chase Bank,customer_532@gmail.com
533,Bank of America,customer_533@gmail.com
534,Bank of America,customer_534@gmail.com
535,BBVA,customer_535@gmail.com
536,BBVA,customer_536@gmail.com
537,BBVA,customer_537@gmail.com
538,Wells Fargo,customer_538@gmail.com
539,Chase Bank,customer_539@gmail.com
540,Bank of America,customer_540@gmail.com
541,Wells Fargo,customer_541@gmail.com
542,Wells Fargo,customer_542@gmail.com
543,Bank of America,customer_543@gmail.com
544,BBVA,customer_544@gmail.com
545,Wells Fargo,customer_545@gmail.com
546,BBVA,customer_546@gmail.com
547,Bank of America,customer_547@gmail.com
548,US Bank,customer_548@gmail.com
549,US Bank,customer_549@gmail.com
550,US Bank,customer_550@gmail.com
551,Bank of America,customer_551@gmail.com
552,US Bank,customer_552@gmail.com
553,Chase Bank,customer_553@gmail.com
554,Chase Bank,customer_554@gmail.com
555,Bank of America,customer_555@gmail.com
556,BBVA,customer_556@gmail.com
557,BBVA,customer_557@gmail.com
558,BBVA,customer_558@gmail.com
559,BBVA,customer_559@gmail.com
560,Bank of America,customer_560@gmail.com
561,Chase Bank,customer_561@gmail.com
562,Bank of America,customer_562@gmail.com
563,BBVA,customer_563@gmail.com
564,BBVA,customer_564@gmail.com
565,BBVA,customer_565@gmail.com
566,Chase Bank,customer_566@gmail.com
567,BBVA,customer_567@gmail.com
568,US Bank,customer_568@gmail.com
569,BBVA,customer_569@gmail.com
570,US Bank,customer_570@gmail.com
571,Wells Fargo,customer_571@gmail.com
572,BBVA,customer_572@gmail.com
573,US Bank,customer_573@gmail.com
574,Chase Bank,customer_574@gmail.com
575,Bank of America,customer_575@gmail.com
576,US Bank,customer_576@gmail.com
577,US Bank,customer_577@gmail.com
578,BBVA,customer_578@gmail.com
579,BBVA,customer_579@gmail.com
580,US Bank,customer_580@gmail.com
581,Chase Bank,customer_581@gmail.com
582,BBVA,customer_582@gmail.com
583,US Bank,customer_583@gmail.com
584,Wells Fargo,customer_584@gmail.com
585,Wells Fargo,customer_585@gmail.com
586,BBVA,customer_586@gmail.com
587,Chase Bank,customer_587@gmail.com
588,Chase Bank,customer_588@gmail.com
589,Chase Bank,customer_589@gmail.com
590,Chase Bank,customer_590@gmail.com
591,Bank of America,customer_591@gmail.com
592,US Bank,customer_592@gmail.com
593,Chase Bank,customer_593@gmail.com
594,Bank of America,customer_594@gmail.com
595,Wells Fargo,customer_595@gmail.com
596,Wells Fargo,customer_596@gmail.com
597,BBVA,customer_597@gmail.com
598,BBVA,customer_598@gmail.com
599,Wells Fargo,customer_599@gmail.com
600,US Bank,customer_600@gmail.com
601,Wells Fargo,customer_601@gmail.com
602,Wells Fargo,customer_602@gmail.com
603,Wells Fargo,customer_603@gmail.com
604,Chase Bank,customer_604@gmail.com
605,Wells Fargo,customer_605@gmail.com
606,Bank of America,customer_606@gmail.com
607,BBVA,customer_607@gmail.com
608,BBVA,customer_608@gmail.com
609,Wells Fargo,customer_609@gmail.com
610,Chase Bank,customer_610@gmail.com
611,Bank of America,customer_611@gmail.com
612,Chase Bank,customer_612@gmail.com
613,US Bank,customer_613@gmail.com
614,Bank of America,customer_614@gmail.com
615,BBVA,customer_615@gmail.com
616,BBVA,customer_616@gmail.com
617,US Bank,customer_617@gmail.com
618,US Bank,customer_618@gmail.com
619,US Bank,customer_619@gmail.com
620,Wells Fargo,customer_620@gmail.com
621,Wells Fargo,customer_621@gmail.com
622,US Bank,customer_622@gmail.com
623,Chase Bank,customer_623@gmail.com
624,Bank of America,customer_624@gmail.com
625,BBVA,customer_625@gmail.com
626,Chase Bank,customer_626@gmail.com
627,Bank of America,customer_627@gmail.com
628,BBVA,customer_628@gmail.com
629,BBVA,customer_629@gmail.com
630,BBVA,customer_630@gmail.com
631,US Bank,customer_631@gmail.com
632,Bank of America,customer_632@gmail.com
633,BBVA,customer_633@gmail.com
634,Bank of America,customer_634@gmail.com
635,Chase Bank,customer_635@gmail.com
636,Chase Bank,customer_636@gmail.com
637,Wells Fargo,customer_637@gmail.com
638,Chase Bank,customer_638@gmail.com
639,BBVA,customer_639@gmail.com
640,BBVA,customer_640@gmail.com
641,Chase Bank,customer_641@gmail.com
642,Chase Bank,customer_642@gmail.com
643,US Bank,customer_643@gmail.com
644,BBVA,customer_644@gmail.com
645,Chase Bank,customer_645@gmail.com
646,BBVA,customer_646@gmail.com
647,BBVA,customer_647@gmail.com
648,US Bank,customer_648@gmail.com
649,BBVA,customer_649@gmail.com
650,Chase Bank,customer_650@gmail.com
651,US Bank,customer_651@gmail.com
652,Chase Bank,customer_652@gmail.com
653,BBVA,customer_653@gmail.com
654,Wells Fargo,customer_654@gmail.com
655,BBVA,customer_655@gmail.com
656,BBVA,customer_656@gmail.com
657,Wells Fargo,customer_657@gmail.com
658,Bank of America,customer_658@gmail.com
659,Wells Fargo,customer_659@gmail.com
660,Chase Bank,customer_660@gmail.com
661,BBVA,customer_661@gmail.com
662,Bank of America,customer_662@gmail.com
663,US Bank,customer_663@gmail.com
664,Wells Fargo,customer_664@gmail.com
665,Wells Fargo,customer_665@gmail.com
666,BBVA,customer_666@gmail.com
667,Chase Bank,customer_667@gmail.com
668,Wells Fargo,customer_668@gmail.com
669,Bank of America,customer_669@gmail.com
670,Bank of America,customer_670@gmail.com
671,Bank of America,customer_671@gmail.com
672,US Bank,customer_672@gmail.com
673,US Bank,customer_673@gmail.com
674,BBVA,customer_674@gmail.com
675,US Bank,customer_675@gmail.com
676,Chase Bank,customer_676@gmail.com
677,Wells Fargo,customer_677@gmail.com
678,Chase Bank,customer_678@gmail.com
679,Bank of America,customer_679@gmail.com
680,Wells Fargo,customer_680@gmail.com
681,BBVA,customer_681@gmail.com
682,Bank of America,customer_682@gmail.com
683,US Bank,customer_683@gmail.com
684,BBVA,customer_684@gmail.com
685,US Bank,customer_685@gmail.com
686,Bank of America,customer_686@gmail.com
687,Bank of America,customer_687@gmail.com
688,BBVA,customer_688@gmail.com
689,Chase Bank,customer_689@gmail.com
690,US Bank,customer_690@gmail.com
691,BBVA,customer_691@gmail.com
692,US Bank,customer_692@gmail.com
693,Bank of America,customer_693@gmail.com
694,Wells Fargo,customer_694@gmail.com
695,BBVA,customer_695@gmail.com
696,US Bank,customer_696@gmail.com
697,US Bank,customer_697@gmail.com
698,Bank of America,customer_698@gmail.com
699,Chase Bank,customer_699@gmail.com
700,US Bank,customer_0@gmail.com
701,US Bank,customer_1@gmail.com
702,Chase Bank,customer_2@gmail.com
703,Bank of America,customer_3@gmail.com
704,Bank of America,customer_4@gmail.com
705,US Bank,customer_5@gmail.com
706,US Bank,customer_6@gmail.com
707,Wells Fargo,customer_7@gmail.com
708,US Bank,customer_8@gmail.com
709,Wells Fargo,customer_9@gmail.com
710,BBVA,customer_10@gmail.com
711,US Bank,customer_11@gmail.com
712,Bank of America,customer_12@gmail.com
713,Bank of America,customer_13@gmail.com
714,Bank of America,customer_14@gmail.com
715,BBVA,customer_15@gmail.com
716,Bank of America,customer_16@gmail.com
717,Chase Bank,customer_17@gmail.com
718,Wells Fargo,customer_18@gmail.com
719,US Bank,customer_19@gmail.com
720,Bank of America,customer_20@gmail.com
721,Wells Fargo,customer_21@gmail.com
722,BBVA,customer_22@gmail.com
723,BBVA,customer_23@gmail.com
724,Chase Bank,customer_24@gmail.com
725,Chase Bank,customer_25@gmail.com
726,BBVA,customer_26@gmail.com
727,US Bank,customer_27@gmail.com
728,Wells Fargo,customer_28@gmail.com
729,Bank of America,customer_29@gmail.com
730,Chase Bank,customer_30@gmail.com
731,Chase Bank,customer_31@gmail.com
732,Wells Fargo,customer_32@gmail.com
733,Chase Bank,customer_33@gmail.com
734,Wells Fargo,customer_34@gmail.com
735,Chase Bank,customer_35@gmail.com
736,Bank of America,customer_36@gmail.com
737,Chase Bank,customer_37@gmail.com
738,BBVA,customer_38@gmail.com
739,Wells Fargo,customer_39@gmail.com
740,Chase Bank,customer_40@gmail.com
741,Chase Bank,customer_41@gmail.com
742,Wells Fargo,customer_42@gmail.com
743,Bank of America,customer_43@gmail.com
744,Bank of America,customer_44@gmail.com
745,Wells Fargo,customer_45@gmail.com
746,Wells Fargo,customer_46@gmail.com
747,Wells Fargo,customer_47@gmail.com
748,BBVA,customer_48@gmail.com
749,Bank of America,customer_49@gmail.com
750,Chase Bank,customer_50@gmail.com
751,Chase Bank,customer_51@gmail.com
752,Wells Fargo,customer_52@gmail.com
753,Wells Fargo,customer_53@gmail.com
754,BBVA,customer_54@gmail.com
755,US Bank,customer_55@gmail.com
756,BBVA,customer_56@gmail.com
757,Wells Fargo,customer_57@gmail.com
758,US Bank,customer_58@gmail.com
759,Bank of America,customer_59@gmail.com
760,Wells Fargo,customer_60@gmail.com
761,Wells Fargo,customer_61@gmail.com
762,US Bank,customer_62@gmail.com
763,US Bank,customer_63@gmail.com
764,US Bank,customer_64@gmail.com
765,BBVA,customer_65@gmail.com
766,BBVA,customer_66@gmail.com
767,Bank of America,customer_67@gmail.com
768,BBVA,customer_68@gmail.com
769,Chase Bank,customer_69@gmail.com
770,Chase Bank,customer_70@gmail.com
771,Bank of America,customer_71@gmail.com
772,Wells Fargo,customer_72@gmail.com
773,Bank of America,customer_73@gmail.com
774,Bank of America,customer_74@gmail.com
775,Bank of America,customer_75@gmail.com
776,Bank of America,customer_76@gmail.com
777,BBVA,customer_77@gmail.com
778,BBVA,customer_78@gmail.com
779,Chase Bank,customer_79@gmail.com
780,Bank of America,customer_80@gmail.com
781,BBVA,customer_81@gmail.com
782,Bank of America,customer_82@gmail.com
783,Wells Fargo,customer_83@gmail.com
784,Bank of America,customer_84@gmail.com
785,Bank of America,customer_85@gmail.com
786,Bank of America,customer_86@gmail.com
787,Wells Fargo,customer_87@gmail.com
788,Wells Fargo,customer_88@gmail.com
789,Wells Fargo,customer_89@gmail.com
790,BBVA,customer_90@gmail.com
791,BBVA,customer_91@gmail.com
792,Bank of America,customer_92@gmail.com
793,Chase Bank,customer_93@gmail.com
794,US Bank,customer_94@gmail.com
795,US Bank,customer_95@gmail.com
796,Wells Fargo,customer_96@gmail.com
797,Bank of America,customer_97@gmail.com
798,US Bank,customer_98@gmail.com
799,US Bank,customer_99@gmail.com
