Bill_ID,Amount,Customer_ID
0,443.09,customer_249@gmail.com
1,210.36,customer_401@gmail.com
2,247.65,customer_454@gmail.com
3,608.24,customer_430@gmail.com
4,168.04,customer_646@gmail.com
5,169.72,customer_292@gmail.com
6,144.17,customer_360@gmail.com
7,435.14,customer_631@gmail.com
8,448.7,customer_18@gmail.com
9,449.73,customer_362@gmail.com
10,622.08,customer_596@gmail.com
11,240.3,customer_339@gmail.com
12,295.47,customer_322@gmail.com
13,494.06,customer_12@gmail.com
14,221.56,customer_116@gmail.com
15,462.5,customer_470@gmail.com
16,316.27,customer_616@gmail.com
17,901.82,customer_394@gmail.com
18,426.69,customer_698@gmail.com
19,656.78,customer_157@gmail.com
20,682.2,customer_661@gmail.com
21,170.05,customer_18@gmail.com
22,412.88,customer_145@gmail.com
23,388.52,customer_654@gmail.com
24,602.99,customer_440@gmail.com
25,398.25,customer_590@gmail.com
26,332.25,customer_42@gmail.com
27,333.74,customer_463@gmail.com
28,603.68,customer_161@gmail.com
29,223.54,customer_205@gmail.com
30,461.39,customer_280@gmail.com
31,469.95,customer_104@gmail.com
32,359.82,customer_514@gmail.com
33,495.61,customer_107@gmail.com
34,653.79,customer_487@gmail.com
35,562.96,customer_364@gmail.com
36,446.06,customer_74@gmail.com
37,662.96,customer_169@gmail.com
38,663.58,customer_678@gmail.com
39,612.3,customer_532@gmail.com
40,505.56,customer_178@gmail.com
41,405.82,customer_48@gmail.com
42,419.01,customer_376@gmail.com
43,535.46,customer_102@gmail.com
44,377.82,customer_486@gmail.com
45,463.51,customer_692@gmail.com
46,205.6,customer_621@gmail.com
47,465.52,customer_634@gmail.com
48,434.2,customer_217@gmail.com
49,235.44,customer_683@gmail.com
50,315.89,customer_15@gmail.com
51,508.84,customer_613@gmail.com
52,784.88,customer_457@gmail.com
53,297.12,customer_375@gmail.com
54,323.1,customer_625@gmail.com
55,308.15,customer_522@gmail.com
56,511.68,customer_24@gmail.com
57,604.85,customer_551@gmail.com
58,318.77,customer_11@gmail.com
59,400.54,customer_656@gmail.com
60,177.8,customer_75@gmail.com
61,224.48,customer_128@gmail.com
62,111.14,customer_49@gmail.com
63,330.86,customer_115@gmail.com
64,186.88,customer_448@gmail.com
65,525.53,customer_537@gmail.com
66,556.28,customer_171@gmail.com
67,731.65,customer_526@gmail.com
68,325.44,customer_239@gmail.com
69,354.48,customer_537@gmail.com
70,629.87,customer_522@gmail.com
71,621.07,customer_238@gmail.com
72,325.23,customer_663@gmail.com
73,692.04,customer_561@gmail.com
74,178.51,customer_113@gmail.com
75,398.61,customer_196@gmail.com
76,933.16,customer_683@gmail.com
77,589.79,customer_146@gmail.com
78,97.59,customer_359@gmail.com
79,352.08,customer_294@gmail.com
80,453.63,customer_535@gmail.com
81,732.34,customer_68@gmail.com
82,596.11,customer_629@gmail.com
83,449.81,customer_298@gmail.com
84,233.24,customer_379@gmail.com
85,459.72,customer_295@gmail.com
86,219.41,customer_301@gmail.com
87,558.37,customer_241@gmail.com
88,454.26,customer_322@gmail.com
89,307.67,customer_495@gmail.com
90,440.25,customer_571@gmail.com
91,435.48,customer_3@gmail.com
92,422.87,customer_343@gmail.com
93,285.44,customer_494@gmail.com
94,392.13,customer_365@gmail.com
95,442.66,customer_248@gmail.com
96,440.21,customer_82@gmail.com
97,248.58,customer_613@gmail.com
98,416.04,customer_545@gmail.com
99,501.61,customer_183@gmail.com
100,675.93,customer_477@gmail.com
101,411.38,customer_123@gmail.com
102,635.52,customer_637@gmail.com
103,603.0,customer_666@gmail.com
104,404.43,customer_467@gmail.com
105,210.97,customer_695@gmail.com
106,403.87,customer_531@gmail.com
107,223.12,customer_639@gmail.com
108,582.82,customer_40@gmail.com
109,294.76,customer_344@gmail.com
110,354.93,customer_357@gmail.com
111,315.48,customer_242@gmail.com
112,436.94,customer_475@gmail.com
113,461.23,customer_654@gmail.com
114,343.47,customer_461@gmail.com
115,686.35,customer_241@gmail.com
116,928.61,customer_223@gmail.com
117,377.76,customer_86@gmail.com
118,507.52,customer_310@gmail.com
119,444.97,customer_84@gmail.com
120,451.28,customer_686@gmail.com
121,504.27,customer_135@gmail.com
122,600.73,customer_609@gmail.com
123,375.44,customer_473@gmail.com
124,484.51,customer_506@gmail.com
125,317.63,customer_504@gmail.com
126,274.88,customer_491@gmail.com
127,306.16,customer_363@gmail.com
128,327.3,customer_61@gmail.com
129,385.24,customer_546@gmail.com
130,657.43,customer_277@gmail.com
131,377.86,customer_153@gmail.com
132,347.52,customer_18@gmail.com
133,258.45,customer_377@gmail.com
134,296.49,customer_395@gmail.com
135,533.53,customer_644@gmail.com
136,232.12,customer_360@gmail.com
137,490.95,customer_656@gmail.com
138,598.02,customer_681@gmail.com
139,346.86,customer_680@gmail.com
140,529.35,customer_286@gmail.com
141,630.14,customer_357@gmail.com
142,784.35,customer_577@gmail.com
143,320.87,customer_607@gmail.com
144,407.1,customer_381@gmail.com
145,685.08,customer_258@gmail.com
146,180.99,customer_308@gmail.com
147,504.13,customer_562@gmail.com
148,372.99,customer_474@gmail.com
149,119.39,customer_7@gmail.com
150,696.5,customer_47@gmail.com
151,530.98,customer_12@gmail.com
152,307.19,customer_303@gmail.com
153,278.18,customer_662@gmail.com
154,147.87,customer_379@gmail.com
155,758.1,customer_338@gmail.com
156,419.72,customer_562@gmail.com
157,513.38,customer_33@gmail.com
158,379.52,customer_386@gmail.com
159,366.79,customer_111@gmail.com
160,188.34,customer_441@gmail.com
161,287.73,customer_397@gmail.com
162,175.31,customer_550@gmail.com
163,364.3,customer_364@gmail.com
164,253.53,customer_447@gmail.com
165,491.72,customer_223@gmail.com
166,59.95,customer_597@gmail.com
167,346.05,customer_89@gmail.com
168,438.56,customer_390@gmail.com
169,395.15,customer_383@gmail.com
170,148.84,customer_574@gmail.com
171,314.06,customer_287@gmail.com
172,419.32,customer_590@gmail.com
173,250.06,customer_119@gmail.com
174,575.98,customer_627@gmail.com
175,320.92,customer_84@gmail.com
176,480.54,customer_486@gmail.com
177,450.61,customer_300@gmail.com
178,263.82,customer_146@gmail.com
179,366.89,customer_104@gmail.com
180,466.49,customer_157@gmail.com
181,550.26,customer_238@gmail.com
182,461.16,customer_648@gmail.com
183,352.25,customer_143@gmail.com
184,433.41,customer_570@gmail.com
185,453.68,customer_336@gmail.com
186,364.3,customer_30@gmail.com
187,172.99,customer_249@gmail.com
188,462.83,customer_491@gmail.com
189,289.33,customer_372@gmail.com
190,271.96,customer_548@gmail.com
191,442.83,customer_64@gmail.com
192,654.59,customer_364@gmail.com
193,234.21,customer_183@gmail.com
194,462.84,customer_530@gmail.com
195,535.71,customer_192@gmail.com
196,525.51,customer_28@gmail.com
197,156.34,customer_23@gmail.com
198,760.23,customer_521@gmail.com
199,364.2,customer_317@gmail.com
