Email,Password,Name,Address,Phone
customer_0@gmail.com,password_0,name_0,address_0,phone_0
customer_1@gmail.com,password_1,name_1,address_1,phone_1
customer_2@gmail.com,password_2,name_2,address_2,phone_2
customer_3@gmail.com,password_3,name_3,address_3,phone_3
customer_4@gmail.com,password_4,name_4,address_4,phone_4
customer_5@gmail.com,password_5,name_5,address_5,phone_5
customer_6@gmail.com,password_6,name_6,address_6,phone_6
customer_7@gmail.com,password_7,name_7,address_7,phone_7
customer_8@gmail.com,password_8,name_8,address_8,phone_8
customer_9@gmail.com,password_9,name_9,address_9,phone_9
customer_10@gmail.com,password_10,name_10,address_10,phone_10
customer_11@gmail.com,password_11,name_11,address_11,phone_11
customer_12@gmail.com,password_12,name_12,address_12,phone_12
customer_13@gmail.com,password_13,name_13,address_13,phone_13
customer_14@gmail.com,password_14,name_14,address_14,phone_14
customer_15@gmail.com,password_15,name_15,address_15,phone_15
customer_16@gmail.com,password_16,name_16,address_16,phone_16
customer_17@gmail.com,password_17,name_17,address_17,phone_17
customer_18@gmail.com,password_18,name_18,address_18,phone_18
customer_19@gmail.com,password_19,name_19,address_19,phone_19
customer_20@gmail.com,password_20,name_20,address_20,phone_20
customer_21@gmail.com,password_21,name_21,address_21,phone_21
customer_22@gmail.com,password_22,name_22,address_22,phone_22
customer_23@gmail.com,password_23,name_23,address_23,phone_23
customer_24@gmail.com,password_24,name_24,address_24,phone_24
customer_25@gmail.com,password_25,name_25,address_25,phone_25
customer_26@gmail.com,password_26,name_26,address_26,phone_26
customer_27@gmail.com,password_27,name_27,address_27,phone_27
customer_28@gmail.com,password_28,name_28,address_28,phone_28
customer_29@gmail.com,password_29,name_29,address_29,phone_29
customer_30@gmail.com,password_30,name_30,address_30,phone_30
customer_31@gmail.com,password_31,name_31,address_31,phone_31
customer_32@gmail.com,password_32,name_32,address_32,phone_32
customer_33@gmail.com,password_33,name_33,address_33,phone_33
customer_34@gmail.com,password_34,name_34,address_34,phone_34
customer_35@gmail.com,password_35,name_35,address_35,phone_35
customer_36@gmail.com,password_36,name_36,address_36,phone_36
customer_37@gmail.com,password_37,name_37,address_37,phone_37
customer_38@gmail.com,password_38,name_38,address_38,phone_38
customer_39@gmail.com,password_39,name_39,address_39,phone_39
customer_40@gmail.com,password_40,name_40,address_40,phone_40
customer_41@gmail.com,password_41,name_41,address_41,phone_41
customer_42@gmail.com,password_42,name_42,address_42,phone_42
customer_43@gmail.com,password_43,name_43,address_43,phone_43
customer_44@gmail.com,password_44,name_44,address_44,phone_44
customer_45@gmail.com,password_45,name_45,address_45,phone_45
customer_46@gmail.com,password_46,name_46,address_46,phone_46
customer_47@gmail.com,password_47,name_47,address_47,phone_47
customer_48@gmail.com,password_48,name_48,address_48,phone_48
customer_49@gmail.com,password_49,name_49,address_49,phone_49
customer_50@gmail.com,password_50,name_50,address_50,phone_50
customer_51@gmail.com,password_51,name_51,address_51,phone_51
customer_52@gmail.com,password_52,name_52,address_52,phone_52
customer_53@gmail.com,password_53,name_53,address_53,phone_53
customer_54@gmail.com,password_54,name_54,address_54,phone_54
customer_55@gmail.com,password_55,name_55,address_55,phone_55
customer_56@gmail.com,password_56,name_56,address_56,phone_56
customer_57@gmail.com,password_57,name_57,address_57,phone_57
customer_58@gmail.com,password_58,name_58,address_58,phone_58
customer_59@gmail.com,password_59,name_59,address_59,phone_59
customer_60@gmail.com,password_60,name_60,address_60,phone_60
customer_61@gmail.com,password_61,name_61,address_61,phone_61
customer_62@gmail.com,password_62,name_62,address_62,phone_62
customer_63@gmail.com,password_63,name_63,address_63,phone_63
customer_64@gmail.com,password_64,name_64,address_64,phone_64
customer_65@gmail.com,password_65,name_65,address_65,phone_65
customer_66@gmail.com,password_66,name_66,address_66,phone_66
customer_67@gmail.com,password_67,name_67,address_67,phone_67
customer_68@gmail.com,password_68,name_68,address_68,phone_68
customer_69@gmail.com,password_69,name_69,address_69,phone_69
customer_70@gmail.com,password_70,name_70,address_70,phone_70
customer_71@gmail.com,password_71,name_71,address_71,phone_71
customer_72@gmail.com,password_72,name_72,address_72,phone_72
customer_73@gmail.com,password_73,name_73,address_73,phone_73
customer_74@gmail.com,password_74,name_74,address_74,phone_74
customer_75@gmail.com,password_75,name_75,address_75,phone_75
customer_76@gmail.com,password_76,name_76,address_76,phone_76
customer_77@gmail.com,password_77,name_77,address_77,phone_77
customer_78@gmail.com,password_78,name_78,address_78,phone_78
customer_79@gmail.com,password_79,name_79,address_79,phone_79
customer_80@gmail.com,password_80,name_80,address_80,phone_80
customer_81@gmail.com,password_81,name_81,address_81,phone_81
customer_82@gmail.com,password_82,name_82,address_82,phone_82
customer_83@gmail.com,password_83,name_83,address_83,phone_83
customer_84@gmail.com,password_84,name_84,address_84,phone_84
customer_85@gmail.com,password_85,name_85,address_85,phone_85
customer_86@gmail.com,password_86,name_86,address_86,phone_86
customer_87@gmail.com,password_87,name_87,address_87,phone_87
customer_88@gmail.com,password_88,name_88,address_88,phone_88
customer_89@gmail.com,password_89,name_89,address_89,phone_89
customer_90@gmail.com,password_90,name_90,address_90,phone_90
customer_91@gmail.com,password_91,name_91,address_91,phone_91
customer_92@gmail.com,password_92,name_92,address_92,phone_92
customer_93@gmail.com,password_93,name_93,address_93,phone_93
customer_94@gmail.com,password_94,name_94,address_94,phone_94
customer_95@gmail.com,password_95,name_95,address_95,phone_95
customer_96@gmail.com,password_96,name_96,address_96,phone_96
customer_97@gmail.com,password_97,name_97,address_97,phone_97
customer_98@gmail.com,password_98,name_98,address_98,phone_98
customer_99@gmail.com,password_99,name_99,address_99,phone_99
customer_100@gmail.com,password_100,name_100,address_100,phone_100
customer_101@gmail.com,password_101,name_101,address_101,phone_101
customer_102@gmail.com,password_102,name_102,address_102,phone_102
customer_103@gmail.com,password_103,name_103,address_103,phone_103
customer_104@gmail.com,password_104,name_104,address_104,phone_104
customer_105@gmail.com,password_105,name_105,address_105,phone_105
customer_106@gmail.com,password_106,name_106,address_106,phone_106
customer_107@gmail.com,password_107,name_107,address_107,phone_107
customer_108@gmail.com,password_108,name_108,address_108,phone_108
customer_109@gmail.com,password_109,name_109,address_109,phone_109
customer_110@gmail.com,password_110,name_110,address_110,phone_110
customer_111@gmail.com,password_111,name_111,address_111,phone_111
customer_112@gmail.com,password_112,name_112,address_112,phone_112
customer_113@gmail.com,password_113,name_113,address_113,phone_113
customer_114@gmail.com,password_114,name_114,address_114,phone_114
customer_115@gmail.com,password_115,name_115,address_115,phone_115
customer_116@gmail.com,password_116,name_116,address_116,phone_116
customer_117@gmail.com,password_117,name_117,address_117,phone_117
customer_118@gmail.com,password_118,name_118,address_118,phone_118
customer_119@gmail.com,password_119,name_119,address_119,phone_119
customer_120@gmail.com,password_120,name_120,address_120,phone_120
customer_121@gmail.com,password_121,name_121,address_121,phone_121
customer_122@gmail.com,password_122,name_122,address_122,phone_122
customer_123@gmail.com,password_123,name_123,address_123,phone_123
customer_124@gmail.com,password_124,name_124,address_124,phone_124
customer_125@gmail.com,password_125,name_125,address_125,phone_125
customer_126@gmail.com,password_126,name_126,address_126,phone_126
customer_127@gmail.com,password_127,name_127,address_127,phone_127
customer_128@gmail.com,password_128,name_128,address_128,phone_128
customer_129@gmail.com,password_129,name_129,address_129,phone_129
customer_130@gmail.com,password_130,name_130,address_130,phone_130
customer_131@gmail.com,password_131,name_131,address_131,phone_131
customer_132@gmail.com,password_132,name_132,address_132,phone_132
customer_133@gmail.com,password_133,name_133,address_133,phone_133
customer_134@gmail.com,password_134,name_134,address_134,phone_134
customer_135@gmail.com,password_135,name_135,address_135,phone_135
customer_136@gmail.com,password_136,name_136,address_136,phone_136
customer_137@gmail.com,password_137,name_137,address_137,phone_137
customer_138@gmail.com,password_138,name_138,address_138,phone_138
customer_139@gmail.com,password_139,name_139,address_139,phone_139
customer_140@gmail.com,password_140,name_140,address_140,phone_140
customer_141@gmail.com,password_141,name_141,address_141,phone_141
customer_142@gmail.com,password_142,name_142,address_142,phone_142
customer_143@gmail.com,password_143,name_143,address_143,phone_143
customer_144@gmail.com,password_144,name_144,address_144,phone_144
customer_145@gmail.com,password_145,name_145,address_145,phone_145
customer_146@gmail.com,password_146,name_146,address_146,phone_146
customer_147@gmail.com,password_147,name_147,address_147,phone_147
customer_148@gmail.com,password_148,name_148,address_148,phone_148
customer_149@gmail.com,password_149,name_149,address_149,phone_149
customer_150@gmail.com,password_150,name_150,address_150,phone_150
customer_151@gmail.com,password_151,name_151,address_151,phone_151
customer_152@gmail.com,password_152,name_152,address_152,phone_152
customer_153@gmail.com,password_153,name_153,address_153,phone_153
customer_154@gmail.com,password_154,name_154,address_154,phone_154
customer_155@gmail.com,password_155,name_155,address_155,phone_155
customer_156@gmail.com,password_156,name_156,address_156,phone_156
customer_157@gmail.com,password_157,name_157,address_157,phone_157
customer_158@gmail.com,password_158,name_158,address_158,phone_158
customer_159@gmail.com,password_159,name_159,address_159,phone_159
customer_160@gmail.com,password_160,name_160,address_160,phone_160
customer_161@gmail.com,password_161,name_161,address_161,phone_161
customer_162@gmail.com,password_162,name_162,address_162,phone_162
customer_163@gmail.com,password_163,name_163,address_163,phone_163
customer_164@gmail.com,password_164,name_164,address_164,phone_164
customer_165@gmail.com,password_165,name_165,address_165,phone_165
customer_166@gmail.com,password_166,name_166,address_166,phone_166
customer_167@gmail.com,password_167,name_167,address_167,phone_167
customer_168@gmail.com,password_168,name_168,address_168,phone_168
customer_169@gmail.com,password_169,name_169,address_169,phone_169
customer_170@gmail.com,password_170,name_170,address_170,phone_170
customer_171@gmail.com,password_171,name_171,address_171,phone_171
customer_172@gmail.com,password_172,name_172,address_172,phone_172
customer_173@gmail.com,password_173,name_173,address_173,phone_173
customer_174@gmail.com,password_174,name_174,address_174,phone_174
customer_175@gmail.com,password_175,name_175,address_175,phone_175
customer_176@gmail.com,password_176,name_176,address_176,phone_176
customer_177@gmail.com,password_177,name_177,address_177,phone_177
customer_178@gmail.com,password_178,name_178,address_178,phone_178
customer_179@gmail.com,password_179,name_179,address_179,phone_179
customer_180@gmail.com,password_180,name_180,address_180,phone_180
customer_181@gmail.com,password_181,name_181,address_181,phone_181
customer_182@gmail.com,password_182,name_182,address_182,phone_182
customer_183@gmail.com,password_183,name_183,address_183,phone_183
customer_184@gmail.com,password_184,name_184,address_184,phone_184
customer_185@gmail.com,password_185,name_185,address_185,phone_185
customer_186@gmail.com,password_186,name_186,address_186,phone_186
customer_187@gmail.com,password_187,name_187,address_187,phone_187
customer_188@gmail.com,password_188,name_188,address_188,phone_188
customer_189@gmail.com,password_189,name_189,address_189,phone_189
customer_190@gmail.com,password_190,name_190,address_190,phone_190
customer_191@gmail.com,password_191,name_191,address_191,phone_191
customer_192@gmail.com,password_192,name_192,address_192,phone_192
customer_193@gmail.com,password_193,name_193,address_193,phone_193
customer_194@gmail.com,password_194,name_194,address_194,phone_194
customer_195@gmail.com,password_195,name_195,address_195,phone_195
customer_196@gmail.com,password_196,name_196,address_196,phone_196
customer_197@gmail.com,password_197,name_197,address_197,phone_197
customer_198@gmail.com,password_198,name_198,address_198,phone_198
customer_199@gmail.com,password_199,name_199,address_199,phone_199
customer_200@gmail.com,password_200,name_200,address_200,phone_200
customer_201@gmail.com,password_201,name_201,address_201,phone_201
customer_202@gmail.com,password_202,name_202,address_202,phone_202
customer_203@gmail.com,password_203,name_203,address_203,phone_203
customer_204@gmail.com,password_204,name_204,address_204,phone_204
customer_205@gmail.com,password_205,name_205,address_205,phone_205
customer_206@gmail.com,password_206,name_206,address_206,phone_206
customer_207@gmail.com,password_207,name_207,address_207,phone_207
customer_208@gmail.com,password_208,name_208,address_208,phone_208
customer_209@gmail.com,password_209,name_209,address_209,phone_209
customer_210@gmail.com,password_210,name_210,address_210,phone_210
customer_211@gmail.com,password_211,name_211,address_211,phone_211
customer_212@gmail.com,password_212,name_212,address_212,phone_212
customer_213@gmail.com,password_213,name_213,address_213,phone_213
customer_214@gmail.com,password_214,name_214,address_214,phone_214
customer_215@gmail.com,password_215,name_215,address_215,phone_215
customer_216@gmail.com,password_216,name_216,address_216,phone_216
customer_217@gmail.com,password_217,name_217,address_217,phone_217
customer_218@gmail.com,password_218,name_218,address_218,phone_218
customer_219@gmail.com,password_219,name_219,address_219,phone_219
customer_220@gmail.com,password_220,name_220,address_220,phone_220
customer_221@gmail.com,password_221,name_221,address_221,phone_221
customer_222@gmail.com,password_222,name_222,address_222,phone_222
customer_223@gmail.com,password_223,name_223,address_223,phone_223
customer_224@gmail.com,password_224,name_224,address_224,phone_224
customer_225@gmail.com,password_225,name_225,address_225,phone_225
customer_226@gmail.com,password_226,name_226,address_226,phone_226
customer_227@gmail.com,password_227,name_227,address_227,phone_227
customer_228@gmail.com,password_228,name_228,address_228,phone_228
customer_229@gmail.com,password_229,name_229,address_229,phone_229
customer_230@gmail.com,password_230,name_230,address_230,phone_230
customer_231@gmail.com,password_231,name_231,address_231,phone_231
customer_232@gmail.com,password_232,name_232,address_232,phone_232
customer_233@gmail.com,password_233,name_233,address_233,phone_233
customer_234@gmail.com,password_234,name_234,address_234,phone_234
customer_235@gmail.com,password_235,name_235,address_235,phone_235
customer_236@gmail.com,password_236,name_236,address_236,phone_236
customer_237@gmail.com,password_237,name_237,address_237,phone_237
customer_238@gmail.com,password_238,name_238,address_238,phone_238
customer_239@gmail.com,password_239,name_239,address_239,phone_239
customer_240@gmail.com,password_240,name_240,address_240,phone_240
customer_241@gmail.com,password_241,name_241,address_241,phone_241
customer_242@gmail.com,password_242,name_242,address_242,phone_242
customer_243@gmail.com,password_243,name_243,address_243,phone_243
customer_244@gmail.com,password_244,name_244,address_244,phone_244
customer_245@gmail.com,password_245,name_245,address_245,phone_245
customer_246@gmail.com,password_246,name_246,address_246,phone_246
customer_247@gmail.com,password_247,name_247,address_247,phone_247
customer_248@gmail.com,password_248,name_248,address_248,phone_248
customer_249@gmail.com,password_249,name_249,address_249,phone_249
customer_250@gmail.com,password_250,name_250,address_250,phone_250
customer_251@gmail.com,password_251,name_251,address_251,phone_251
customer_252@gmail.com,password_252,name_252,address_252,phone_252
customer_253@gmail.com,password_253,name_253,address_253,phone_253
customer_254@gmail.com,password_254,name_254,address_254,phone_254
customer_255@gmail.com,password_255,name_255,address_255,phone_255
customer_256@gmail.com,password_256,name_256,address_256,phone_256
customer_257@gmail.com,password_257,name_257,address_257,phone_257
customer_258@gmail.com,password_258,name_258,address_258,phone_258
customer_259@gmail.com,password_259,name_259,address_259,phone_259
customer_260@gmail.com,password_260,name_260,address_260,phone_260
customer_261@gmail.com,password_261,name_261,address_261,phone_261
customer_262@gmail.com,password_262,name_262,address_262,phone_262
customer_263@gmail.com,password_263,name_263,address_263,phone_263
customer_264@gmail.com,password_264,name_264,address_264,phone_264
customer_265@gmail.com,password_265,name_265,address_265,phone_265
customer_266@gmail.com,password_266,name_266,address_266,phone_266
customer_267@gmail.com,password_267,name_267,address_267,phone_267
customer_268@gmail.com,password_268,name_268,address_268,phone_268
customer_269@gmail.com,password_269,name_269,address_269,phone_269
customer_270@gmail.com,password_270,name_270,address_270,phone_270
customer_271@gmail.com,password_271,name_271,address_271,phone_271
customer_272@gmail.com,password_272,name_272,address_272,phone_272
customer_273@gmail.com,password_273,name_273,address_273,phone_273
customer_274@gmail.com,password_274,name_274,address_274,phone_274
customer_275@gmail.com,password_275,name_275,address_275,phone_275
customer_276@gmail.com,password_276,name_276,address_276,phone_276
customer_277@gmail.com,password_277,name_277,address_277,phone_277
customer_278@gmail.com,password_278,name_278,address_278,phone_278
customer_279@gmail.com,password_279,name_279,address_279,phone_279
customer_280@gmail.com,password_280,name_280,address_280,phone_280
customer_281@gmail.com,password_281,name_281,address_281,phone_281
customer_282@gmail.com,password_282,name_282,address_282,phone_282
customer_283@gmail.com,password_283,name_283,address_283,phone_283
customer_284@gmail.com,password_284,name_284,address_284,phone_284
customer_285@gmail.com,password_285,name_285,address_285,phone_285
customer_286@gmail.com,password_286,name_286,address_286,phone_286
customer_287@gmail.com,password_287,name_287,address_287,phone_287
customer_288@gmail.com,password_288,name_288,address_288,phone_288
customer_289@gmail.com,password_289,name_289,address_289,phone_289
customer_290@gmail.com,password_290,name_290,address_290,phone_290
customer_291@gmail.com,password_291,name_291,address_291,phone_291
customer_292@gmail.com,password_292,name_292,address_292,phone_292
customer_293@gmail.com,password_293,name_293,address_293,phone_293
customer_294@gmail.com,password_294,name_294,address_294,phone_294
customer_295@gmail.com,password_295,name_295,address_295,phone_295
customer_296@gmail.com,password_296,name_296,address_296,phone_296
customer_297@gmail.com,password_297,name_297,address_297,phone_297
customer_298@gmail.com,password_298,name_298,address_298,phone_298
customer_299@gmail.com,password_299,name_299,address_299,phone_299
customer_300@gmail.com,password_300,name_300,address_300,phone_300
customer_301@gmail.com,password_301,name_301,address_301,phone_301
customer_302@gmail.com,password_302,name_302,address_302,phone_302
customer_303@gmail.com,password_303,name_303,address_303,phone_303
customer_304@gmail.com,password_304,name_304,address_304,phone_304
customer_305@gmail.com,password_305,name_305,address_305,phone_305
customer_306@gmail.com,password_306,name_306,address_306,phone_306
customer_307@gmail.com,password_307,name_307,address_307,phone_307
customer_308@gmail.com,password_308,name_308,address_308,phone_308
customer_309@gmail.com,password_309,name_309,address_309,phone_309
customer_310@gmail.com,password_310,name_310,address_310,phone_310
customer_311@gmail.com,password_311,name_311,address_311,phone_311
customer_312@gmail.com,password_312,name_312,address_312,phone_312
customer_313@gmail.com,password_313,name_313,address_313,phone_313
customer_314@gmail.com,password_314,name_314,address_314,phone_314
customer_315@gmail.com,password_315,name_315,address_315,phone_315
customer_316@gmail.com,password_316,name_316,address_316,phone_316
customer_317@gmail.com,password_317,name_317,address_317,phone_317
customer_318@gmail.com,password_318,name_318,address_318,phone_318
customer_319@gmail.com,password_319,name_319,address_319,phone_319
customer_320@gmail.com,password_320,name_320,address_320,phone_320
customer_321@gmail.com,password_321,name_321,address_321,phone_321
customer_322@gmail.com,password_322,name_322,address_322,phone_322
customer_323@gmail.com,password_323,name_323,address_323,phone_323
customer_324@gmail.com,password_324,name_324,address_324,phone_324
customer_325@gmail.com,password_325,name_325,address_325,phone_325
customer_326@gmail.com,password_326,name_326,address_326,phone_326
customer_327@gmail.com,password_327,name_327,address_327,phone_327
customer_328@gmail.com,password_328,name_328,address_328,phone_328
customer_329@gmail.com,password_329,name_329,address_329,phone_329
customer_330@gmail.com,password_330,name_330,address_330,phone_330
customer_331@gmail.com,password_331,name_331,address_331,phone_331
customer_332@gmail.com,password_332,name_332,address_332,phone_332
customer_333@gmail.com,password_333,name_333,address_333,phone_333
customer_334@gmail.com,password_334,name_334,address_334,phone_334
customer_335@gmail.com,password_335,name_335,address_335,phone_335
customer_336@gmail.com,password_336,name_336,address_336,phone_336
customer_337@gmail.com,password_337,name_337,address_337,phone_337
customer_338@gmail.com,password_338,name_338,address_338,phone_338
customer_339@gmail.com,password_339,name_339,address_339,phone_339
customer_340@gmail.com,password_340,name_340,address_340,phone_340
customer_341@gmail.com,password_341,name_341,address_341,phone_341
customer_342@gmail.com,password_342,name_342,address_342,phone_342
customer_343@gmail.com,password_343,name_343,address_343,phone_343
customer_344@gmail.com,password_344,name_344,address_344,phone_344
customer_345@gmail.com,password_345,name_345,address_345,phone_345
customer_346@gmail.com,password_346,name_346,address_346,phone_346
customer_347@gmail.com,password_347,name_347,address_347,phone_347
customer_348@gmail.com,password_348,name_348,address_348,phone_348
customer_349@gmail.com,password_349,name_349,address_349,phone_349
customer_350@gmail.com,password_350,name_350,address_350,phone_350
customer_351@gmail.com,password_351,name_351,address_351,phone_351
customer_352@gmail.com,password_352,name_352,address_352,phone_352
customer_353@gmail.com,password_353,name_353,address_353,phone_353
customer_354@gmail.com,password_354,name_354,address_354,phone_354
customer_355@gmail.com,password_355,name_355,address_355,phone_355
customer_356@gmail.com,password_356,name_356,address_356,phone_356
customer_357@gmail.com,password_357,name_357,address_357,phone_357
customer_358@gmail.com,password_358,name_358,address_358,phone_358
customer_359@gmail.com,password_359,name_359,address_359,phone_359
customer_360@gmail.com,password_360,name_360,address_360,phone_360
customer_361@gmail.com,password_361,name_361,address_361,phone_361
customer_362@gmail.com,password_362,name_362,address_362,phone_362
customer_363@gmail.com,password_363,name_363,address_363,phone_363
customer_364@gmail.com,password_364,name_364,address_364,phone_364
customer_365@gmail.com,password_365,name_365,address_365,phone_365
customer_366@gmail.com,password_366,name_366,address_366,phone_366
customer_367@gmail.com,password_367,name_367,address_367,phone_367
customer_368@gmail.com,password_368,name_368,address_368,phone_368
customer_369@gmail.com,password_369,name_369,address_369,phone_369
customer_370@gmail.com,password_370,name_370,address_370,phone_370
customer_371@gmail.com,password_371,name_371,address_371,phone_371
customer_372@gmail.com,password_372,name_372,address_372,phone_372
customer_373@gmail.com,password_373,name_373,address_373,phone_373
customer_374@gmail.com,password_374,name_374,address_374,phone_374
customer_375@gmail.com,password_375,name_375,address_375,phone_375
customer_376@gmail.com,password_376,name_376,address_376,phone_376
customer_377@gmail.com,password_377,name_377,address_377,phone_377
customer_378@gmail.com,password_378,name_378,address_378,phone_378
customer_379@gmail.com,password_379,name_379,address_379,phone_379
customer_380@gmail.com,password_380,name_380,address_380,phone_380
customer_381@gmail.com,password_381,name_381,address_381,phone_381
customer_382@gmail.com,password_382,name_382,address_382,phone_382
customer_383@gmail.com,password_383,name_383,address_383,phone_383
customer_384@gmail.com,password_384,name_384,address_384,phone_384
customer_385@gmail.com,password_385,name_385,address_385,phone_385
customer_386@gmail.com,password_386,name_386,address_386,phone_386
customer_387@gmail.com,password_387,name_387,address_387,phone_387
customer_388@gmail.com,password_388,name_388,address_388,phone_388
customer_389@gmail.com,password_389,name_389,address_389,phone_389
customer_390@gmail.com,password_390,name_390,address_390,phone_390
customer_391@gmail.com,password_391,name_391,address_391,phone_391
customer_392@gmail.com,password_392,name_392,address_392,phone_392
customer_393@gmail.com,password_393,name_393,address_393,phone_393
customer_394@gmail.com,password_394,name_394,address_394,phone_394
customer_395@gmail.com,password_395,name_395,address_395,phone_395
customer_396@gmail.com,password_396,name_396,address_396,phone_396
customer_397@gmail.com,password_397,name_397,address_397,phone_397
customer_398@gmail.com,password_398,name_398,address_398,phone_398
customer_399@gmail.com,password_399,name_399,address_399,phone_399
customer_400@gmail.com,password_400,name_400,address_400,phone_400
customer_401@gmail.com,password_401,name_401,address_401,phone_401
customer_402@gmail.com,password_402,name_402,address_402,phone_402
customer_403@gmail.com,password_403,name_403,address_403,phone_403
customer_404@gmail.com,password_404,name_404,address_404,phone_404
customer_405@gmail.com,password_405,name_405,address_405,phone_405
customer_406@gmail.com,password_406,name_406,address_406,phone_406
customer_407@gmail.com,password_407,name_407,address_407,phone_407
customer_408@gmail.com,password_408,name_408,address_408,phone_408
customer_409@gmail.com,password_409,name_409,address_409,phone_409
customer_410@gmail.com,password_410,name_410,address_410,phone_410
customer_411@gmail.com,password_411,name_411,address_411,phone_411
customer_412@gmail.com,password_412,name_412,address_412,phone_412
customer_413@gmail.com,password_413,name_413,address_413,phone_413
customer_414@gmail.com,password_414,name_414,address_414,phone_414
customer_415@gmail.com,password_415,name_415,address_415,phone_415
customer_416@gmail.com,password_416,name_416,address_416,phone_416
customer_417@gmail.com,password_417,name_417,address_417,phone_417
customer_418@gmail.com,password_418,name_418,address_418,phone_418
customer_419@gmail.com,password_419,name_419,address_419,phone_419
customer_420@gmail.com,password_420,name_420,address_420,phone_420
customer_421@gmail.com,password_421,name_421,address_421,phone_421
customer_422@gmail.com,password_422,name_422,address_422,phone_422
customer_423@gmail.com,password_423,name_423,address_423,phone_423
customer_424@gmail.com,password_424,name_424,address_424,phone_424
customer_425@gmail.com,password_425,name_425,address_425,phone_425
customer_426@gmail.com,password_426,name_426,address_426,phone_426
customer_427@gmail.com,password_427,name_427,address_427,phone_427
customer_428@gmail.com,password_428,name_428,address_428,phone_428
customer_429@gmail.com,password_429,name_429,address_429,phone_429
customer_430@gmail.com,password_430,name_430,address_430,phone_430
customer_431@gmail.com,password_431,name_431,address_431,phone_431
customer_432@gmail.com,password_432,name_432,address_432,phone_432
customer_433@gmail.com,password_433,name_433,address_433,phone_433
customer_434@gmail.com,password_434,name_434,address_434,phone_434
customer_435@gmail.com,password_435,name_435,address_435,phone_435
customer_436@gmail.com,password_436,name_436,address_436,phone_436
customer_437@gmail.com,password_437,name_437,address_437,phone_437
customer_438@gmail.com,password_438,name_438,address_438,phone_438
customer_439@gmail.com,password_439,name_439,address_439,phone_439
customer_440@gmail.com,password_440,name_440,address_440,phone_440
customer_441@gmail.com,password_441,name_441,address_441,phone_441
customer_442@gmail.com,password_442,name_442,address_442,phone_442
customer_443@gmail.com,password_443,name_443,address_443,phone_443
customer_444@gmail.com,password_444,name_444,address_444,phone_444
customer_445@gmail.com,password_445,name_445,address_445,phone_445
customer_446@gmail.com,password_446,name_446,address_446,phone_446
customer_447@gmail.com,password_447,name_447,address_447,phone_447
customer_448@gmail.com,password_448,name_448,address_448,phone_448
customer_449@gmail.com,password_449,name_449,address_449,phone_449
customer_450@gmail.com,password_450,name_450,address_450,phone_450
customer_451@gmail.com,password_451,name_451,address_451,phone_451
customer_452@gmail.com,password_452,name_452,address_452,phone_452
customer_453@gmail.com,password_453,name_453,address_453,phone_453
customer_454@gmail.com,password_454,name_454,address_454,phone_454
customer_455@gmail.com,password_455,name_455,address_455,phone_455
customer_456@gmail.com,password_456,name_456,address_456,phone_456
customer_457@gmail.com,password_457,name_457,address_457,phone_457
customer_458@gmail.com,password_458,name_458,address_458,phone_458
customer_459@gmail.com,password_459,name_459,address_459,phone_459
customer_460@gmail.com,password_460,name_460,address_460,phone_460
customer_461@gmail.com,password_461,name_461,address_461,phone_461
customer_462@gmail.com,password_462,name_462,address_462,phone_462
customer_463@gmail.com,password_463,name_463,address_463,phone_463
customer_464@gmail.com,password_464,name_464,address_464,phone_464
customer_465@gmail.com,password_465,name_465,address_465,phone_465
customer_466@gmail.com,password_466,name_466,address_466,phone_466
customer_467@gmail.com,password_467,name_467,address_467,phone_467
customer_468@gmail.com,password_468,name_468,address_468,phone_468
customer_469@gmail.com,password_469,name_469,address_469,phone_469
customer_470@gmail.com,password_470,name_470,address_470,phone_470
customer_471@gmail.com,password_471,name_471,address_471,phone_471
customer_472@gmail.com,password_472,name_472,address_472,phone_472
customer_473@gmail.com,password_473,name_473,address_473,phone_473
customer_474@gmail.com,password_474,name_474,address_474,phone_474
customer_475@gmail.com,password_475,name_475,address_475,phone_475
customer_476@gmail.com,password_476,name_476,address_476,phone_476
customer_477@gmail.com,password_477,name_477,address_477,phone_477
customer_478@gmail.com,password_478,name_478,address_478,phone_478
customer_479@gmail.com,password_479,name_479,address_479,phone_479
customer_480@gmail.com,password_480,name_480,address_480,phone_480
customer_481@gmail.com,password_481,name_481,address_481,phone_481
customer_482@gmail.com,password_482,name_482,address_482,phone_482
customer_483@gmail.com,password_483,name_483,address_483,phone_483
customer_484@gmail.com,password_484,name_484,address_484,phone_484
customer_485@gmail.com,password_485,name_485,address_485,phone_485
customer_486@gmail.com,password_486,name_486,address_486,phone_486
customer_487@gmail.com,password_487,name_487,address_487,phone_487
customer_488@gmail.com,password_488,name_488,address_488,phone_488
customer_489@gmail.com,password_489,name_489,address_489,phone_489
customer_490@gmail.com,password_490,name_490,address_490,phone_490
customer_491@gmail.com,password_491,name_491,address_491,phone_491
customer_492@gmail.com,password_492,name_492,address_492,phone_492
customer_493@gmail.com,password_493,name_493,address_493,phone_493
customer_494@gmail.com,password_494,name_494,address_494,phone_494
customer_495@gmail.com,password_495,name_495,address_495,phone_495
customer_496@gmail.com,password_496,name_496,address_496,phone_496
customer_497@gmail.com,password_497,name_497,address_497,phone_497
customer_498@gmail.com,password_498,name_498,address_498,phone_498
customer_499@gmail.com,password_499,name_499,address_499,phone_499
customer_500@gmail.com,password_500,name_500,address_500,phone_500
customer_501@gmail.com,password_501,name_501,address_501,phone_501
customer_502@gmail.com,password_502,name_502,address_502,phone_502
customer_503@gmail.com,password_503,name_503,address_503,phone_503
customer_504@gmail.com,password_504,name_504,address_504,phone_504
customer_505@gmail.com,password_505,name_505,address_505,phone_505
customer_506@gmail.com,password_506,name_506,address_506,phone_506
customer_507@gmail.com,password_507,name_507,address_507,phone_507
customer_508@gmail.com,password_508,name_508,address_508,phone_508
customer_509@gmail.com,password_509,name_509,address_509,phone_509
customer_510@gmail.com,password_510,name_510,address_510,phone_510
customer_511@gmail.com,password_511,name_511,address_511,phone_511
customer_512@gmail.com,password_512,name_512,address_512,phone_512
customer_513@gmail.com,password_513,name_513,address_513,phone_513
customer_514@gmail.com,password_514,name_514,address_514,phone_514
customer_515@gmail.com,password_515,name_515,address_515,phone_515
customer_516@gmail.com,password_516,name_516,address_516,phone_516
customer_517@gmail.com,password_517,name_517,address_517,phone_517
customer_518@gmail.com,password_518,name_518,address_518,phone_518
customer_519@gmail.com,password_519,name_519,address_519,phone_519
customer_520@gmail.com,password_520,name_520,address_520,phone_520
customer_521@gmail.com,password_521,name_521,address_521,phone_521
customer_522@gmail.com,password_522,name_522,address_522,phone_522
customer_523@gmail.com,password_523,name_523,address_523,phone_523
customer_524@gmail.com,password_524,name_524,address_524,phone_524
customer_525@gmail.com,password_525,name_525,address_525,phone_525
customer_526@gmail.com,password_526,name_526,address_526,phone_526
customer_527@gmail.com,password_527,name_527,address_527,phone_527
customer_528@gmail.com,password_528,name_528,address_528,phone_528
customer_529@gmail.com,password_529,name_529,address_529,phone_529
customer_530@gmail.com,password_530,name_530,address_530,phone_530
customer_531@gmail.com,password_531,name_531,address_531,phone_531
customer_532@gmail.com,password_532,name_532,address_532,phone_532
customer_533@gmail.com,password_533,name_533,address_533,phone_533
customer_534@gmail.com,password_534,name_534,address_534,phone_534
customer_535@gmail.com,password_535,name_535,address_535,phone_535
customer_536@gmail.com,password_536,name_536,address_536,phone_536
customer_537@gmail.com,password_537,name_537,address_537,phone_537
customer_538@gmail.com,password_538,name_538,address_538,phone_538
customer_539@gmail.com,password_539,name_539,address_539,phone_539
customer_540@gmail.com,password_540,name_540,address_540,phone_540
customer_541@gmail.com,password_541,name_541,address_541,phone_541
customer_542@gmail.com,password_542,name_542,address_542,phone_542
customer_543@gmail.com,password_543,name_543,address_543,phone_543
customer_544@gmail.com,password_544,name_544,address_544,phone_544
customer_545@gmail.com,password_545,name_545,address_545,phone_545
customer_546@gmail.com,password_546,name_546,address_546,phone_546
customer_547@gmail.com,password_547,name_547,address_547,phone_547
customer_548@gmail.com,password_548,name_548,address_548,phone_548
customer_549@gmail.com,password_549,name_549,address_549,phone_549
customer_550@gmail.com,password_550,name_550,address_550,phone_550
customer_551@gmail.com,password_551,name_551,address_551,phone_551
customer_552@gmail.com,password_552,name_552,address_552,phone_552
customer_553@gmail.com,password_553,name_553,address_553,phone_553
customer_554@gmail.com,password_554,name_554,address_554,phone_554
customer_555@gmail.com,password_555,name_555,address_555,phone_555
customer_556@gmail.com,password_556,name_556,address_556,phone_556
customer_557@gmail.com,password_557,name_557,address_557,phone_557
customer_558@gmail.com,password_558,name_558,address_558,phone_558
customer_559@gmail.com,password_559,name_559,address_559,phone_559
customer_560@gmail.com,password_560,name_560,address_560,phone_560
customer_561@gmail.com,password_561,name_561,address_561,phone_561
customer_562@gmail.com,password_562,name_562,address_562,phone_562
customer_563@gmail.com,password_563,name_563,address_563,phone_563
customer_564@gmail.com,password_564,name_564,address_564,phone_564
customer_565@gmail.com,password_565,name_565,address_565,phone_565
customer_566@gmail.com,password_566,name_566,address_566,phone_566
customer_567@gmail.com,password_567,name_567,address_567,phone_567
customer_568@gmail.com,password_568,name_568,address_568,phone_568
customer_569@gmail.com,password_569,name_569,address_569,phone_569
customer_570@gmail.com,password_570,name_570,address_570,phone_570
customer_571@gmail.com,password_571,name_571,address_571,phone_571
customer_572@gmail.com,password_572,name_572,address_572,phone_572
customer_573@gmail.com,password_573,name_573,address_573,phone_573
customer_574@gmail.com,password_574,name_574,address_574,phone_574
customer_575@gmail.com,password_575,name_575,address_575,phone_575
customer_576@gmail.com,password_576,name_576,address_576,phone_576
customer_577@gmail.com,password_577,name_577,address_577,phone_577
customer_578@gmail.com,password_578,name_578,address_578,phone_578
customer_579@gmail.com,password_579,name_579,address_579,phone_579
customer_580@gmail.com,password_580,name_580,address_580,phone_580
customer_581@gmail.com,password_581,name_581,address_581,phone_581
customer_582@gmail.com,password_582,name_582,address_582,phone_582
customer_583@gmail.com,password_583,name_583,address_583,phone_583
customer_584@gmail.com,password_584,name_584,address_584,phone_584
customer_585@gmail.com,password_585,name_585,address_585,phone_585
customer_586@gmail.com,password_586,name_586,address_586,phone_586
customer_587@gmail.com,password_587,name_587,address_587,phone_587
customer_588@gmail.com,password_588,name_588,address_588,phone_588
customer_589@gmail.com,password_589,name_589,address_589,phone_589
customer_590@gmail.com,password_590,name_590,address_590,phone_590
customer_591@gmail.com,password_591,name_591,address_591,phone_591
customer_592@gmail.com,password_592,name_592,address_592,phone_592
customer_593@gmail.com,password_593,name_593,address_593,phone_593
customer_594@gmail.com,password_594,name_594,address_594,phone_594
customer_595@gmail.com,password_595,name_595,address_595,phone_595
customer_596@gmail.com,password_596,name_596,address_596,phone_596
customer_597@gmail.com,password_597,name_597,address_597,phone_597
customer_598@gmail.com,password_598,name_598,address_598,phone_598
customer_599@gmail.com,password_599,name_599,address_599,phone_599
customer_600@gmail.com,password_600,name_600,address_600,phone_600
customer_601@gmail.com,password_601,name_601,address_601,phone_601
customer_602@gmail.com,password_602,name_602,address_602,phone_602
customer_603@gmail.com,password_603,name_603,address_603,phone_603
customer_604@gmail.com,password_604,name_604,address_604,phone_604
customer_605@gmail.com,password_605,name_605,address_605,phone_605
customer_606@gmail.com,password_606,name_606,address_606,phone_606
customer_607@gmail.com,password_607,name_607,address_607,phone_607
customer_608@gmail.com,password_608,name_608,address_608,phone_608
customer_609@gmail.com,password_609,name_609,address_609,phone_609
customer_610@gmail.com,password_610,name_610,address_610,phone_610
customer_611@gmail.com,password_611,name_611,address_611,phone_611
customer_612@gmail.com,password_612,name_612,address_612,phone_612
customer_613@gmail.com,password_613,name_613,address_613,phone_613
customer_614@gmail.com,password_614,name_614,address_614,phone_614
customer_615@gmail.com,password_615,name_615,address_615,phone_615
customer_616@gmail.com,password_616,name_616,address_616,phone_616
customer_617@gmail.com,password_617,name_617,address_617,phone_617
customer_618@gmail.com,password_618,name_618,address_618,phone_618
customer_619@gmail.com,password_619,name_619,address_619,phone_619
customer_620@gmail.com,password_620,name_620,address_620,phone_620
customer_621@gmail.com,password_621,name_621,address_621,phone_621
customer_622@gmail.com,password_622,name_622,address_622,phone_622
customer_623@gmail.com,password_623,name_623,address_623,phone_623
customer_624@gmail.com,password_624,name_624,address_624,phone_624
customer_625@gmail.com,password_625,name_625,address_625,phone_625
customer_626@gmail.com,password_626,name_626,address_626,phone_626
customer_627@gmail.com,password_627,name_627,address_627,phone_627
customer_628@gmail.com,password_628,name_628,address_628,phone_628
customer_629@gmail.com,password_629,name_629,address_629,phone_629
customer_630@gmail.com,password_630,name_630,address_630,phone_630
customer_631@gmail.com,password_631,name_631,address_631,phone_631
customer_632@gmail.com,password_632,name_632,address_632,phone_632
customer_633@gmail.com,password_633,name_633,address_633,phone_633
customer_634@gmail.com,password_634,name_634,address_634,phone_634
customer_635@gmail.com,password_635,name_635,address_635,phone_635
customer_636@gmail.com,password_636,name_636,address_636,phone_636
customer_637@gmail.com,password_637,name_637,address_637,phone_637
customer_638@gmail.com,password_638,name_638,address_638,phone_638
customer_639@gmail.com,password_639,name_639,address_639,phone_639
customer_640@gmail.com,password_640,name_640,address_640,phone_640
customer_641@gmail.com,password_641,name_641,address_641,phone_641
customer_642@gmail.com,password_642,name_642,address_642,phone_642
customer_643@gmail.com,password_643,name_643,address_643,phone_643
customer_644@gmail.com,password_644,name_644,address_644,phone_644
customer_645@gmail.com,password_645,name_645,address_645,phone_645
customer_646@gmail.com,password_646,name_646,address_646,phone_646
customer_647@gmail.com,password_647,name_647,address_647,phone_647
customer_648@gmail.com,password_648,name_648,address_648,phone_648
customer_649@gmail.com,password_649,name_649,address_649,phone_649
customer_650@gmail.com,password_650,name_650,address_650,phone_650
customer_651@gmail.com,password_651,name_651,address_651,phone_651
customer_652@gmail.com,password_652,name_652,address_652,phone_652
customer_653@gmail.com,password_653,name_653,address_653,phone_653
customer_654@gmail.com,password_654,name_654,address_654,phone_654
customer_655@gmail.com,password_655,name_655,address_655,phone_655
customer_656@gmail.com,password_656,name_656,address_656,phone_656
customer_657@gmail.com,password_657,name_657,address_657,phone_657
customer_658@gmail.com,password_658,name_658,address_658,phone_658
customer_659@gmail.com,password_659,name_659,address_659,phone_659
customer_660@gmail.com,password_660,name_660,address_660,phone_660
customer_661@gmail.com,password_661,name_661,address_661,phone_661
customer_662@gmail.com,password_662,name_662,address_662,phone_662
customer_663@gmail.com,password_663,name_663,address_663,phone_663
customer_664@gmail.com,password_664,name_664,address_664,phone_664
customer_665@gmail.com,password_665,name_665,address_665,phone_665
customer_666@gmail.com,password_666,name_666,address_666,phone_666
customer_667@gmail.com,password_667,name_667,address_667,phone_667
customer_668@gmail.com,password_668,name_668,address_668,phone_668
customer_669@gmail.com,password_669,name_669,address_669,phone_669
customer_670@gmail.com,password_670,name_670,address_670,phone_670
customer_671@gmail.com,password_671,name_671,address_671,phone_671
customer_672@gmail.com,password_672,name_672,address_672,phone_672
customer_673@gmail.com,password_673,name_673,address_673,phone_673
customer_674@gmail.com,password_674,name_674,address_674,phone_674
customer_675@gmail.com,password_675,name_675,address_675,phone_675
customer_676@gmail.com,password_676,name_676,address_676,phone_676
customer_677@gmail.com,password_677,name_677,address_677,phone_677
customer_678@gmail.com,password_678,name_678,address_678,phone_678
customer_679@gmail.com,password_679,name_679,address_679,phone_679
customer_680@gmail.com,password_680,name_680,address_680,phone_680
customer_681@gmail.com,password_681,name_681,address_681,phone_681
customer_682@gmail.com,password_682,name_682,address_682,phone_682
customer_683@gmail.com,password_683,name_683,address_683,phone_683
customer_684@gmail.com,password_684,name_684,address_684,phone_684
customer_685@gmail.com,password_685,name_685,address_685,phone_685
customer_686@gmail.com,password_686,name_686,address_686,phone_686
customer_687@gmail.com,password_687,name_687,address_687,phone_687
customer_688@gmail.com,password_688,name_688,address_688,phone_688
customer_689@gmail.com,password_689,name_689,address_689,phone_689
customer_690@gmail.com,password_690,name_690,address_690,phone_690
customer_691@gmail.com,password_691,name_691,address_691,phone_691
customer_692@gmail.com,password_692,name_692,address_692,phone_692
customer_693@gmail.com,password_693,name_693,address_693,phone_693
customer_694@gmail.com,password_694,name_694,address_694,phone_694
customer_695@gmail.com,password_695,name_695,address_695,phone_695
customer_696@gmail.com,password_696,name_696,address_696,phone_696
customer_697@gmail.com,password_697,name_697,address_697,phone_697
customer_698@gmail.com,password_698,name_698,address_698,phone_698
customer_699@gmail.com,password_699,name_699,address_699,phone_699
customer_700@gmail.com,password_700,name_700,address_700,phone_700
customer_701@gmail.com,password_701,name_701,address_701,phone_701
customer_702@gmail.com,password_702,name_702,address_702,phone_702
customer_703@gmail.com,password_703,name_703,address_703,phone_703
customer_704@gmail.com,password_704,name_704,address_704,phone_704
customer_705@gmail.com,password_705,name_705,address_705,phone_705
customer_706@gmail.com,password_706,name_706,address_706,phone_706
customer_707@gmail.com,password_707,name_707,address_707,phone_707
customer_708@gmail.com,password_708,name_708,address_708,phone_708
customer_709@gmail.com,password_709,name_709,address_709,phone_709
customer_710@gmail.com,password_710,name_710,address_710,phone_710
customer_711@gmail.com,password_711,name_711,address_711,phone_711
customer_712@gmail.com,password_712,name_712,address_712,phone_712
customer_713@gmail.com,password_713,name_713,address_713,phone_713
customer_714@gmail.com,password_714,name_714,address_714,phone_714
customer_715@gmail.com,password_715,name_715,address_715,phone_715
customer_716@gmail.com,password_716,name_716,address_716,phone_716
customer_717@gmail.com,password_717,name_717,address_717,phone_717
customer_718@gmail.com,password_718,name_718,address_718,phone_718
customer_719@gmail.com,password_719,name_719,address_719,phone_719
customer_720@gmail.com,password_720,name_720,address_720,phone_720
customer_721@gmail.com,password_721,name_721,address_721,phone_721
customer_722@gmail.com,password_722,name_722,address_722,phone_722
customer_723@gmail.com,password_723,name_723,address_723,phone_723
customer_724@gmail.com,password_724,name_724,address_724,phone_724
customer_725@gmail.com,password_725,name_725,address_725,phone_725
customer_726@gmail.com,password_726,name_726,address_726,phone_726
customer_727@gmail.com,password_727,name_727,address_727,phone_727
customer_728@gmail.com,password_728,name_728,address_728,phone_728
customer_729@gmail.com,password_729,name_729,address_729,phone_729
customer_730@gmail.com,password_730,name_730,address_730,phone_730
customer_731@gmail.com,password_731,name_731,address_731,phone_731
customer_732@gmail.com,password_732,name_732,address_732,phone_732
customer_733@gmail.com,password_733,name_733,address_733,phone_733
customer_734@gmail.com,password_734,name_734,address_734,phone_734
customer_735@gmail.com,password_735,name_735,address_735,phone_735
customer_736@gmail.com,password_736,name_736,address_736,phone_736
customer_737@gmail.com,password_737,name_737,address_737,phone_737
customer_738@gmail.com,password_738,name_738,address_738,phone_738
customer_739@gmail.com,password_739,name_739,address_739,phone_739
customer_740@gmail.com,password_740,name_740,address_740,phone_740
customer_741@gmail.com,password_741,name_741,address_741,phone_741
customer_742@gmail.com,password_742,name_742,address_742,phone_742
customer_743@gmail.com,password_743,name_743,address_743,phone_743
customer_744@gmail.com,password_744,name_744,address_744,phone_744
customer_745@gmail.com,password_745,name_745,address_745,phone_745
customer_746@gmail.com,password_746,name_746,address_746,phone_746
customer_747@gmail.com,password_747,name_747,address_747,phone_747
customer_748@gmail.com,password_748,name_748,address_748,phone_748
customer_749@gmail.com,password_749,name_749,address_749,phone_749
customer_750@gmail.com,password_750,name_750,address_750,phone_750
customer_751@gmail.com,password_751,name_751,address_751,phone_751
customer_752@gmail.com,password_752,name_752,address_752,phone_752
customer_753@gmail.com,password_753,name_753,address_753,phone_753
customer_754@gmail.com,password_754,name_754,address_754,phone_754
customer_755@gmail.com,password_755,name_755,address_755,phone_755
customer_756@gmail.com,password_756,name_756,address_756,phone_756
customer_757@gmail.com,password_757,name_757,address_757,phone_757
customer_758@gmail.com,password_758,name_758,address_758,phone_758
customer_759@gmail.com,password_759,name_759,address_759,phone_759
customer_760@gmail.com,password_760,name_760,address_760,phone_760
customer_761@gmail.com,password_761,name_761,address_761,phone_761
customer_762@gmail.com,password_762,name_762,address_762,phone_762
customer_763@gmail.com,password_763,name_763,address_763,phone_763
customer_764@gmail.com,password_764,name_764,address_764,phone_764
customer_765@gmail.com,password_765,name_765,address_765,phone_765
customer_766@gmail.com,password_766,name_766,address_766,phone_766
customer_767@gmail.com,password_767,name_767,address_767,phone_767
customer_768@gmail.com,password_768,name_768,address_768,phone_768
customer_769@gmail.com,password_769,name_769,address_769,phone_769
customer_770@gmail.com,password_770,name_770,address_770,phone_770
customer_771@gmail.com,password_771,name_771,address_771,phone_771
customer_772@gmail.com,password_772,name_772,address_772,phone_772
customer_773@gmail.com,password_773,name_773,address_773,phone_773
customer_774@gmail.com,password_774,name_774,address_774,phone_774
customer_775@gmail.com,password_775,name_775,address_775,phone_775
customer_776@gmail.com,password_776,name_776,address_776,phone_776
customer_777@gmail.com,password_777,name_777,address_777,phone_777
customer_778@gmail.com,password_778,name_778,address_778,phone_778
customer_779@gmail.com,password_779,name_779,address_779,phone_779
customer_780@gmail.com,password_780,name_780,address_780,phone_780
customer_781@gmail.com,password_781,name_781,address_781,phone_781
customer_782@gmail.com,password_782,name_782,address_782,phone_782
customer_783@gmail.com,password_783,name_783,address_783,phone_783
customer_784@gmail.com,password_784,name_784,address_784,phone_784
customer_785@gmail.com,password_785,name_785,address_785,phone_785
customer_786@gmail.com,password_786,name_786,address_786,phone_786
customer_787@gmail.com,password_787,name_787,address_787,phone_787
customer_788@gmail.com,password_788,name_788,address_788,phone_788
customer_789@gmail.com,password_789,name_789,address_789,phone_789
customer_790@gmail.com,password_790,name_790,address_790,phone_790
customer_791@gmail.com,password_791,name_791,address_791,phone_791
customer_792@gmail.com,password_792,name_792,address_792,phone_792
customer_793@gmail.com,password_793,name_793,address_793,phone_793
customer_794@gmail.com,password_794,name_794,address_794,phone_794
customer_795@gmail.com,password_795,name_795,address_795,phone_795
customer_796@gmail.com,password_796,name_796,address_796,phone_796
customer_797@gmail.com,password_797,name_797,address_797,phone_797
customer_798@gmail.com,password_798,name_798,address_798,phone_798
customer_799@gmail.com,password_799,name_799,address_799,phone_799
customer_800@gmail.com,password_800,name_800,address_800,phone_800
customer_801@gmail.com,password_801,name_801,address_801,phone_801
customer_802@gmail.com,password_802,name_802,address_802,phone_802
customer_803@gmail.com,password_803,name_803,address_803,phone_803
customer_804@gmail.com,password_804,name_804,address_804,phone_804
customer_805@gmail.com,password_805,name_805,address_805,phone_805
customer_806@gmail.com,password_806,name_806,address_806,phone_806
customer_807@gmail.com,password_807,name_807,address_807,phone_807
customer_808@gmail.com,password_808,name_808,address_808,phone_808
customer_809@gmail.com,password_809,name_809,address_809,phone_809
customer_810@gmail.com,password_810,name_810,address_810,phone_810
customer_811@gmail.com,password_811,name_811,address_811,phone_811
customer_812@gmail.com,password_812,name_812,address_812,phone_812
customer_813@gmail.com,password_813,name_813,address_813,phone_813
customer_814@gmail.com,password_814,name_814,address_814,phone_814
customer_815@gmail.com,password_815,name_815,address_815,phone_815
customer_816@gmail.com,password_816,name_816,address_816,phone_816
customer_817@gmail.com,password_817,name_817,address_817,phone_817
customer_818@gmail.com,password_818,name_818,address_818,phone_818
customer_819@gmail.com,password_819,name_819,address_819,phone_819
customer_820@gmail.com,password_820,name_820,address_820,phone_820
customer_821@gmail.com,password_821,name_821,address_821,phone_821
customer_822@gmail.com,password_822,name_822,address_822,phone_822
customer_823@gmail.com,password_823,name_823,address_823,phone_823
customer_824@gmail.com,password_824,name_824,address_824,phone_824
customer_825@gmail.com,password_825,name_825,address_825,phone_825
customer_826@gmail.com,password_826,name_826,address_826,phone_826
customer_827@gmail.com,password_827,name_827,address_827,phone_827
customer_828@gmail.com,password_828,name_828,address_828,phone_828
customer_829@gmail.com,password_829,name_829,address_829,phone_829
customer_830@gmail.com,password_830,name_830,address_830,phone_830
customer_831@gmail.com,password_831,name_831,address_831,phone_831
customer_832@gmail.com,password_832,name_832,address_832,phone_832
customer_833@gmail.com,password_833,name_833,address_833,phone_833
customer_834@gmail.com,password_834,name_834,address_834,phone_834
customer_835@gmail.com,password_835,name_835,address_835,phone_835
customer_836@gmail.com,password_836,name_836,address_836,phone_836
customer_837@gmail.com,password_837,name_837,address_837,phone_837
customer_838@gmail.com,password_838,name_838,address_838,phone_838
customer_839@gmail.com,password_839,name_839,address_839,phone_839
customer_840@gmail.com,password_840,name_840,address_840,phone_840
customer_841@gmail.com,password_841,name_841,address_841,phone_841
customer_842@gmail.com,password_842,name_842,address_842,phone_842
customer_843@gmail.com,password_843,name_843,address_843,phone_843
customer_844@gmail.com,password_844,name_844,address_844,phone_844
customer_845@gmail.com,password_845,name_845,address_845,phone_845
customer_846@gmail.com,password_846,name_846,address_846,phone_846
customer_847@gmail.com,password_847,name_847,address_847,phone_847
customer_848@gmail.com,password_848,name_848,address_848,phone_848
customer_849@gmail.com,password_849,name_849,address_849,phone_849
customer_850@gmail.com,password_850,name_850,address_850,phone_850
customer_851@gmail.com,password_851,name_851,address_851,phone_851
customer_852@gmail.com,password_852,name_852,address_852,phone_852
customer_853@gmail.com,password_853,name_853,address_853,phone_853
customer_854@gmail.com,password_854,name_854,address_854,phone_854
customer_855@gmail.com,password_855,name_855,address_855,phone_855
customer_856@gmail.com,password_856,name_856,address_856,phone_856
customer_857@gmail.com,password_857,name_857,address_857,phone_857
customer_858@gmail.com,password_858,name_858,address_858,phone_858
customer_859@gmail.com,password_859,name_859,address_859,phone_859
customer_860@gmail.com,password_860,name_860,address_860,phone_860
customer_861@gmail.com,password_861,name_861,address_861,phone_861
customer_862@gmail.com,password_862,name_862,address_862,phone_862
customer_863@gmail.com,password_863,name_863,address_863,phone_863
customer_864@gmail.com,password_864,name_864,address_864,phone_864
customer_865@gmail.com,password_865,name_865,address_865,phone_865
customer_866@gmail.com,password_866,name_866,address_866,phone_866
customer_867@gmail.com,password_867,name_867,address_867,phone_867
customer_868@gmail.com,password_868,name_868,address_868,phone_868
customer_869@gmail.com,password_869,name_869,address_869,phone_869
customer_870@gmail.com,password_870,name_870,address_870,phone_870
customer_871@gmail.com,password_871,name_871,address_871,phone_871
customer_872@gmail.com,password_872,name_872,address_872,phone_872
customer_873@gmail.com,password_873,name_873,address_873,phone_873
customer_874@gmail.com,password_874,name_874,address_874,phone_874
customer_875@gmail.com,password_875,name_875,address_875,phone_875
customer_876@gmail.com,password_876,name_876,address_876,phone_876
customer_877@gmail.com,password_877,name_877,address_877,phone_877
customer_878@gmail.com,password_878,name_878,address_878,phone_878
customer_879@gmail.com,password_879,name_879,address_879,phone_879
customer_880@gmail.com,password_880,name_880,address_880,phone_880
customer_881@gmail.com,password_881,name_881,address_881,phone_881
customer_882@gmail.com,password_882,name_882,address_882,phone_882
customer_883@gmail.com,password_883,name_883,address_883,phone_883
customer_884@gmail.com,password_884,name_884,address_884,phone_884
customer_885@gmail.com,password_885,name_885,address_885,phone_885
customer_886@gmail.com,password_886,name_886,address_886,phone_886
customer_887@gmail.com,password_887,name_887,address_887,phone_887
customer_888@gmail.com,password_888,name_888,address_888,phone_888
customer_889@gmail.com,password_889,name_889,address_889,phone_889
customer_890@gmail.com,password_890,name_890,address_890,phone_890
customer_891@gmail.com,password_891,name_891,address_891,phone_891
customer_892@gmail.com,password_892,name_892,address_892,phone_892
customer_893@gmail.com,password_893,name_893,address_893,phone_893
customer_894@gmail.com,password_894,name_894,address_894,phone_894
customer_895@gmail.com,password_895,name_895,address_895,phone_895
customer_896@gmail.com,password_896,name_896,address_896,phone_896
customer_897@gmail.com,password_897,name_897,address_897,phone_897
customer_898@gmail.com,password_898,name_898,address_898,phone_898
customer_899@gmail.com,password_899,name_899,address_899,phone_899
customer_900@gmail.com,password_900,name_900,address_900,phone_900
customer_901@gmail.com,password_901,name_901,address_901,phone_901
customer_902@gmail.com,password_902,name_902,address_902,phone_902
customer_903@gmail.com,password_903,name_903,address_903,phone_903
customer_904@gmail.com,password_904,name_904,address_904,phone_904
customer_905@gmail.com,password_905,name_905,address_905,phone_905
customer_906@gmail.com,password_906,name_906,address_906,phone_906
customer_907@gmail.com,password_907,name_907,address_907,phone_907
customer_908@gmail.com,password_908,name_908,address_908,phone_908
customer_909@gmail.com,password_909,name_909,address_909,phone_909
customer_910@gmail.com,password_910,name_910,address_910,phone_910
customer_911@gmail.com,password_911,name_911,address_911,phone_911
customer_912@gmail.com,password_912,name_912,address_912,phone_912
customer_913@gmail.com,password_913,name_913,address_913,phone_913
customer_914@gmail.com,password_914,name_914,address_914,phone_914
customer_915@gmail.com,password_915,name_915,address_915,phone_915
customer_916@gmail.com,password_916,name_916,address_916,phone_916
customer_917@gmail.com,password_917,name_917,address_917,phone_917
customer_918@gmail.com,password_918,name_918,address_918,phone_918
customer_919@gmail.com,password_919,name_919,address_919,phone_919
customer_920@gmail.com,password_920,name_920,address_920,phone_920
customer_921@gmail.com,password_921,name_921,address_921,phone_921
customer_922@gmail.com,password_922,name_922,address_922,phone_922
customer_923@gmail.com,password_923,name_923,address_923,phone_923
customer_924@gmail.com,password_924,name_924,address_924,phone_924
customer_925@gmail.com,password_925,name_925,address_925,phone_925
customer_926@gmail.com,password_926,name_926,address_926,phone_926
customer_927@gmail.com,password_927,name_927,address_927,phone_927
customer_928@gmail.com,password_928,name_928,address_928,phone_928
customer_929@gmail.com,password_929,name_929,address_929,phone_929
customer_930@gmail.com,password_930,name_930,address_930,phone_930
customer_931@gmail.com,password_931,name_931,address_931,phone_931
customer_932@gmail.com,password_932,name_932,address_932,phone_932
customer_933@gmail.com,password_933,name_933,address_933,phone_933
customer_934@gmail.com,password_934,name_934,address_934,phone_934
customer_935@gmail.com,password_935,name_935,address_935,phone_935
customer_936@gmail.com,password_936,name_936,address_936,phone_936
customer_937@gmail.com,password_937,name_937,address_937,phone_937
customer_938@gmail.com,password_938,name_938,address_938,phone_938
customer_939@gmail.com,password_939,name_939,address_939,phone_939
customer_940@gmail.com,password_940,name_940,address_940,phone_940
customer_941@gmail.com,password_941,name_941,address_941,phone_941
customer_942@gmail.com,password_942,name_942,address_942,phone_942
customer_943@gmail.com,password_943,name_943,address_943,phone_943
customer_944@gmail.com,password_944,name_944,address_944,phone_944
customer_945@gmail.com,password_945,name_945,address_945,phone_945
customer_946@gmail.com,password_946,name_946,address_946,phone_946
customer_947@gmail.com,password_947,name_947,address_947,phone_947
customer_948@gmail.com,password_948,name_948,address_948,phone_948
customer_949@gmail.com,password_949,name_949,address_949,phone_949
customer_950@gmail.com,password_950,name_950,address_950,phone_950
customer_951@gmail.com,password_951,name_951,address_951,phone_951
customer_952@gmail.com,password_952,name_952,address_952,phone_952
customer_953@gmail.com,password_953,name_953,address_953,phone_953
customer_954@gmail.com,password_954,name_954,address_954,phone_954
customer_955@gmail.com,password_955,name_955,address_955,phone_955
customer_956@gmail.com,password_956,name_956,address_956,phone_956
customer_957@gmail.com,password_957,name_957,address_957,phone_957
customer_958@gmail.com,password_958,name_958,address_958,phone_958
customer_959@gmail.com,password_959,name_959,address_959,phone_959
customer_960@gmail.com,password_960,name_960,address_960,phone_960
customer_961@gmail.com,password_961,name_961,address_961,phone_961
customer_962@gmail.com,password_962,name_962,address_962,phone_962
customer_963@gmail.com,password_963,name_963,address_963,phone_963
customer_964@gmail.com,password_964,name_964,address_964,phone_964
customer_965@gmail.com,password_965,name_965,address_965,phone_965
customer_966@gmail.com,password_966,name_966,address_966,phone_966
customer_967@gmail.com,password_967,name_967,address_967,phone_967
customer_968@gmail.com,password_968,name_968,address_968,phone_968
customer_969@gmail.com,password_969,name_969,address_969,phone_969
customer_970@gmail.com,password_970,name_970,address_970,phone_970
customer_971@gmail.com,password_971,name_971,address_971,phone_971
customer_972@gmail.com,password_972,name_972,address_972,phone_972
customer_973@gmail.com,password_973,name_973,address_973,phone_973
customer_974@gmail.com,password_974,name_974,address_974,phone_974
customer_975@gmail.com,password_975,name_975,address_975,phone_975
customer_976@gmail.com,password_976,name_976,address_976,phone_976
customer_977@gmail.com,password_977,name_977,address_977,phone_977
customer_978@gmail.com,password_978,name_978,address_978,phone_978
customer_979@gmail.com,password_979,name_979,address_979,phone_979
customer_980@gmail.com,password_980,name_980,address_980,phone_980
customer_981@gmail.com,password_981,name_981,address_981,phone_981
customer_982@gmail.com,password_982,name_982,address_982,phone_982
customer_983@gmail.com,password_983,name_983,address_983,phone_983
customer_984@gmail.com,password_984,name_984,address_984,phone_984
customer_985@gmail.com,password_985,name_985,address_985,phone_985
customer_986@gmail.com,password_986,name_986,address_986,phone_986
customer_987@gmail.com,password_987,name_987,address_987,phone_987
customer_988@gmail.com,password_988,name_988,address_988,phone_988
customer_989@gmail.com,password_989,name_989,address_989,phone_989
customer_990@gmail.com,password_990,name_990,address_990,phone_990
customer_991@gmail.com,password_991,name_991,address_991,phone_991
customer_992@gmail.com,password_992,name_992,address_992,phone_992
customer_993@gmail.com,password_993,name_993,address_993,phone_993
customer_994@gmail.com,password_994,name_994,address_994,phone_994
customer_995@gmail.com,password_995,name_995,address_995,phone_995
customer_996@gmail.com,password_996,name_996,address_996,phone_996
customer_997@gmail.com,password_997,name_997,address_997,phone_997
customer_998@gmail.com,password_998,name_998,address_998,phone_998
customer_999@gmail.com,password_999,name_999,address_999,phone_999
